,Fout_hydrogen,Fout_methane,Fout_carbon monoxide,Fout_carbon dioxide,Fout_ethylene,Fout_ethane,Fout_propane,Fout_water,Fout_nonane,Fout_decane,Fout_undecane,Fout_dodecane,Fout_tridecane,Fout_tetradecane,Fout_pentadecane,Fout_hexadecane,Fout_heptadecane,Fout_octadecane,Fout_nonadecane,Fout_eicosane,Fout_heneicosane,Fout_docosane,Fout_tricosane,Fout_tetracosane,Fout_pentacosane,Fout_hexacosane,Fout_heptacosane,Fout_octacosane,Fout_nonacosane,Fout_triacontane,Fout_1-nonene,Fout_1-decene,Fout_1-undecene,Fout_1-dodecene,Fout_1-tridecene,Fout_1-tetradecene,Fout_1-pentadecene,Tin,Pin,Fin_hydrogen,Fin_carbon monoxide,W,index,Ta
0,hydrogen,methane,carbon monoxide,carbon dioxide,ethylene,ethane,propane,water,nonane,decane,undecane,dodecane,tridecane,tetradecane,pentadecane,hexadecane,heptadecane,octadecane,nonadecane,eicosane,heneicosane,docosane,tricosane,tetracosane,pentacosane,hexacosane,heptacosane,octacosane,nonacosane,triacontane,1-nonene,1-decene,1-undecene,1-dodecene,1-tridecene,1-tetradecene,1-pentadecene,Tin,Pin,hydrogen,carbon monoxide,W,component names,
1,mol/s,mol/s,mol/s,mol/s,mol/s,mol/s,mol/s,mol/s,mol/s,mol/s,mol/s,mol/s,mol/s,mol/s,mol/s,mol/s,mol/s,mol/s,mol/s,mol/s,mol/s,mol/s,mol/s,mol/s,mol/s,mol/s,mol/s,mol/s,mol/s,mol/s,mol/s,mol/s,mol/s,mol/s,mol/s,mol/s,mol/s,K,Pa,mol/s,mol/s,g,unit,K
40,7.27734871392678e-05,7.718018172431e-07,2.14655257029269e-05,6.277442470529e-08,1.113137568194e-08,5.740164748931e-08,2.1556621806698e-07,6.2425451975489785e-06,7.171360430933104e-09,1.722498260121418e-08,2.1159512575720547e-08,2.154626252994606e-08,2.0610273889357743e-08,1.9969167708873246e-08,1.859974747526985e-08,1.768531758982875e-08,1.609470101223882e-08,1.4715943696575801e-08,1.3600633040366468e-08,1.234427282000138e-08,1.0714782975076533e-08,9.606200210600979e-09,7.988039596887304e-09,6.45602751911872e-09,5.2951078959826585e-09,3.9407004882038445e-09,2.6573302397646586e-09,1.9834083893096975e-09,1.2178469952984404e-09,8.418746498412104e-10,5.094189068168175e-09,9.483725079952688e-09,9.230138316512272e-09,6.815808838728565e-09,4.563209005146261e-09,3.1168051639177897e-09,2.595733122994409e-09,506.15,2240261.427,8.594096722904095e-05,2.783361974988646e-05,5.12,,
41,7.1970988727691e-05,7.8597367457017e-07,2.22659107947089e-05,7.280585400747e-08,1.106587117203e-08,5.706385754365e-08,2.2168725650351e-07,6.0579732680293e-06,7.534296296304774e-09,1.809672291138155e-08,2.2230375779637446e-08,2.2636698788469697e-08,2.1653340635426718e-08,2.0979788668867146e-08,1.9541063353985663e-08,1.858035502458813e-08,1.6909238824977807e-08,1.5460703887018855e-08,1.4288948398330655e-08,1.29690049585488e-08,1.1257048151786253e-08,1.00923610471599e-08,8.392306833437599e-09,6.782761052746146e-09,5.563088369837432e-09,4.140135665898676e-09,2.791815245704014e-09,2.0837868387116446e-09,1.2794810963014238e-09,8.844811409689803e-10,5.352001227468883e-09,9.963687564336113e-09,9.697267011223231e-09,7.1607505695083635e-09,4.794148758503361e-09,3.2745437673886245e-09,2.7271007562825472e-09,506.15,2247156.184,8.790434104682327e-05,2.846949577075314e-05,5.12,,
42,7.34612086305944e-05,8.1737195232246e-07,2.30239508181893e-05,8.451831172396e-08,1.124030707035e-08,5.796337870176e-08,2.2518180430123e-07,6.0199951382346255e-06,7.608975178614222e-09,1.827609507665578e-08,2.2450720129163035e-08,2.286107055435415e-08,2.1867965493983517e-08,2.1187737375324024e-08,1.973475161802825e-08,1.8764520883160688e-08,1.7076840815461273e-08,1.561394820348756e-08,1.4430578439650914e-08,1.3097551906648668e-08,1.1368626425458785e-08,1.0192395106509938e-08,8.475490195183864e-09,6.849990823712224e-09,5.6182289171838265e-09,4.181172106725994e-09,2.8194873246831622e-09,2.1044410399755964e-09,1.2921631324797356e-09,8.932479932978095e-10,5.405049508830236e-09,1.0062446230271524e-08,9.793384954210104e-09,7.231726919255837e-09,4.841667684867572e-09,3.307000583394373e-09,2.754131394369387e-09,506.15,2247156.184,9.019998121406942e-05,2.9212982579871844e-05,5.12,,
43,7.53719493880286e-05,8.1651526949012e-07,2.32845782657172e-05,8.575933059326e-08,1.520713780408e-08,6.573383061288e-08,2.0563942137836e-07,6.068346179328667e-06,7.513899361902795e-09,1.8047731253023853e-08,2.2170193448245595e-08,2.2575416454711174e-08,2.1594720460276303e-08,2.0922991941420137e-08,1.948816156041383e-08,1.8530054071758886e-08,1.686346193732479e-08,1.5418848489966498e-08,1.4250265191340647e-08,1.2933895117762714e-08,1.1226572940342219e-08,1.0065038890166823e-08,8.369587082948513e-09,6.764398683280399e-09,5.548027912418517e-09,4.128927442559484e-09,2.784257211059558e-09,2.07814558679038e-09,1.2760172702235149e-09,8.820866633558581e-10,5.337512227612382e-09,9.936713753689555e-09,9.671014457391044e-09,7.141364902434607e-09,4.781169983327173e-09,3.2656788844860778e-09,2.719717917455149e-09,506.15,2247156.184,9.116166780494844e-05,2.9524443106232388e-05,5.12,,
44,7.50464721072917e-05,8.1011186416387e-07,2.37241798499575e-05,8.576206705911e-08,1.520762304357e-08,5.535657102462e-08,2.3611205462215e-07,5.9969885414907965e-06,7.654214555588869e-09,1.8384756116465856e-08,2.2584201520208977e-08,2.2996991695450672e-08,2.1997982100875778e-08,2.1313709666711714e-08,1.985208514153063e-08,1.8876085872407573e-08,1.7178371655167252e-08,1.5706781373823753e-08,1.4516375851610991e-08,1.3175423771681849e-08,1.1436218915179447e-08,1.0252994279680314e-08,8.525881461679581e-09,6.890717637753851e-09,5.65163225599727e-09,4.206031383657753e-09,2.8362506662583952e-09,2.1169530536559604e-09,1.2998457249039146e-09,8.985588244875631e-10,5.437185383446287e-09,1.0122272788725519e-08,9.851611801242877e-09,7.274723356042413e-09,4.870453956926561e-09,3.326662448827714e-09,2.770506160413804e-09,506.15,2247156.184,9.229869962342892e-05,2.9892692525566516e-05,5.12,,
45,7.60464182502017e-05,7.4585775838439e-07,2.41791666336091e-05,7.569845520333e-08,1.917586995857e-08,5.584096366826e-08,1.9207913846528e-07,5.897366423896866e-06,7.850108045748523e-09,1.8855275203072705e-08,2.3162196561520222e-08,2.3585551231334736e-08,2.2560974091616835e-08,2.185918914661643e-08,2.0360157422112515e-08,1.9359179508631726e-08,1.7618015873963457e-08,1.6108763340771145e-08,1.4887891898017744e-08,1.3512620975682706e-08,1.1728904836282686e-08,1.0515398059904506e-08,8.744083429247423e-09,7.067071033384585e-09,5.796273872675992e-09,4.3136758926379915e-09,2.9088385246135433e-09,2.1711320055488106e-09,1.3331125367852996e-09,9.215555438719315e-10,5.5763386843725906e-09,1.0381331027886543e-08,1.0103743042852034e-08,7.460904568733996e-09,4.995102961387456e-09,3.4118013632063415e-09,2.841411426699553e-09,506.15,2247156.184,9.333380142856629e-05,3.0227929967912624e-05,5.12,,
46,7.44131301298e-05,8.8444785284616e-07,2.33381932850474e-05,7.426535771753e-08,1.128770333444e-08,6.163177666371e-08,2.035181822545e-07,6.032997228064629e-06,7.583408318385949e-09,1.821468570714478e-08,2.2375283633433666e-08,2.2784255243249617e-08,2.1794487107717676e-08,2.111654461843992e-08,1.966844102765125e-08,1.8701470357773417e-08,1.701946105116706e-08,1.5561483893648295e-08,1.4382090361648418e-08,1.3053542921066612e-08,1.1330426789373219e-08,1.0158147716426199e-08,8.447011764370289e-09,6.826974221102316e-09,5.599351148485118e-09,4.1671229818000145e-09,2.8100135865445274e-09,2.0973699234763703e-09,1.28782134486383e-09,8.902465974386118e-10,5.38688804265703e-09,1.0028635480428766e-08,9.760478275135935e-09,7.207427648064452e-09,4.825399233720737e-09,3.2958887556244385e-09,2.744877258200294e-09,506.15,2240261.427,9.114708821598163e-05,2.951972122854709e-05,5.12,,
47,7.42643805458669e-05,7.6582833763298e-07,2.34462034558541e-05,8.512771551793e-08,1.132135324407e-08,5.151292325193e-08,2.1924525520982e-07,5.9528941859385445e-06,7.740920172916537e-09,1.859301545083908e-08,2.2840031445074674e-08,2.3257497635956013e-08,2.22471714336502e-08,2.1555147679818572e-08,2.0076966125064217e-08,1.9089910905193226e-08,1.7372965275221692e-08,1.5884705073944456e-08,1.4680814844068467e-08,1.33246726911341e-08,1.1565766423122111e-08,1.0369138423801232e-08,8.62246117080959e-09,6.968774494178899e-09,5.71565296773802e-09,4.253676578990475e-09,2.8683792227716674e-09,2.1409335313441525e-09,1.3145701522360743e-09,9.08737543285762e-10,5.498776878141515e-09,1.0236936142428438e-08,9.96320915413856e-09,7.357130162762132e-09,4.925625616139192e-09,3.3643463051099735e-09,2.8018899745470766e-09,506.15,2233366.67,9.130033485588096e-05,2.9569353072828503e-05,5.12,,
48,7.60928616961729e-05,9.0910975015777e-07,2.39889542365067e-05,7.633616903778e-08,1.933741509879e-08,5.631139011176e-08,1.7820150622203e-07,5.993109027167831e-06,7.661843098518942e-09,1.8403079211575723e-08,2.2606709976117438e-08,2.301991155706903e-08,2.2019906303498107e-08,2.1334951891895084e-08,1.9871870644360974e-08,1.8894898649392545e-08,1.7195492411933147e-08,1.572243547590481e-08,1.453084354069507e-08,1.318855500613239e-08,1.1447616777927946e-08,1.026321288623443e-08,8.534378748014422e-09,6.897585244473895e-09,5.657264933129162e-09,4.210223308347406e-09,2.8390774043659913e-09,2.119062906617813e-09,1.3011412110498656e-09,8.99454369617376e-10,5.4426043329433455e-09,1.013236111221814e-08,9.861430371523394e-09,7.281973680556174e-09,4.875308075769132e-09,3.3299779539158514e-09,2.773267374517388e-09,506.15,2233366.67,9.30460481991884e-05,3.0134735601750092e-05,5.12,,
54,7.04333562421614e-05,2.8190576308928e-07,4.26723493185696e-05,2.350199688089e-08,8.33490893099e-09,7.58487991352e-09,4.174418501247e-08,5.592558191915074e-06,8.44947242219844e-09,2.0294896186506405e-08,2.4930655723916665e-08,2.5386333988032272e-08,2.4283529257701214e-08,2.3528162260898363e-08,2.1914677816814042e-08,2.0837274139578514e-08,1.896317074788927e-08,1.733868512514067e-08,1.6024598806012707e-08,1.454432443735422e-08,1.2624419610432356e-08,1.1318260258051025e-08,9.411703808693705e-09,7.606649673393984e-09,6.238825752877297e-09,4.643029787709315e-09,3.130931542739927e-09,2.3369003202156367e-09,1.4348971440405622e-09,9.919173224229806e-10,6.002098271241289e-09,1.1173957060800732e-08,1.0875174928043593e-08,8.030552831984774e-09,5.3764845620364526e-09,3.6722961468082866e-09,3.058356311798782e-09,495.15,2191998.128,8.440663376917568e-05,4.8311911504246456e-05,5.12,,
55,7.24633135080422e-05,2.6876807842422e-07,4.40406944493512e-05,1.211174637128e-08,8.59078515851e-09,7.81773074303e-09,5.163084487596e-08,5.584106994762754e-06,8.466090564295596e-09,2.033481151515915e-08,2.4979688510662832e-08,2.543626298767379e-08,2.4331289297578345e-08,2.357443667002115e-08,2.1957778878250303e-08,2.087825619919908e-08,1.90004668831217e-08,1.7372786275933285e-08,1.605611545542014e-08,1.4572929732232997e-08,1.2649248900179384e-08,1.1340520636908139e-08,9.430214435565307e-09,7.621610179664607e-09,6.251096068430765e-09,4.652161544689877e-09,3.137089355047477e-09,2.341496458252161e-09,1.4377192521489716e-09,9.938681925115493e-10,6.013902999035954e-09,1.1195933628915925e-08,1.0896563861370463e-08,8.046347056927152e-09,5.3870588535390015e-09,3.6795186970624498e-09,3.064371385549384e-09,495.15,2191998.128,8.67427293675509e-05,4.964902493685651e-05,5.12,,
60,6.98801956679142e-05,2.2598217827889e-07,4.26880406071578e-05,1.177484008939e-08,4.17590983096e-09,7.6002689075e-09,2.509732797643e-08,5.507409318753558e-06,8.61690622454704e-09,2.0697057583926853e-08,2.5424678814865244e-08,2.5889386748597626e-08,2.4764728962830557e-08,2.3994393697936662e-08,2.2348936626213056e-08,2.125018323797427e-08,1.9338942822671512e-08,1.768226657415522e-08,1.6342140467211886e-08,1.483253314689922e-08,1.2874583700235843e-08,1.1542541639927347e-08,9.59820508078832e-09,7.757382194232098e-09,6.362453627589364e-09,4.735035547705832e-09,3.1929737327016193e-09,2.383208076105271e-09,1.4633309056769304e-09,1.011573045361657e-09,6.121035180601887e-09,1.1395378946628139e-08,1.1090676180479746e-08,8.189685370495467e-09,5.4830243799693795e-09,3.745065957334545e-09,3.1189603590853315e-09,495.15,2233366.67,8.424430567417184e-05,4.821899960609014e-05,5.12,,
61,6.99027587332525e-05,2.2529895976423e-07,4.271446011223e-05,1.173924087171e-08,1.248985404269e-08,7.5772907927e-09,3.336193398975e-08,5.524501282507071e-06,8.583297177537967e-09,2.0616331582835404e-08,2.5325513383188016e-08,2.5788408788109792e-08,2.466813757397365e-08,2.3900806894885363e-08,2.2261767700139163e-08,2.1167299847023358e-08,1.9263513959748366e-08,1.761329934705174e-08,1.6278400216026747e-08,1.4774680909587214e-08,1.2824368173046882e-08,1.1497521557954607e-08,9.56076861375982e-09,7.727125601431936e-09,6.337637760096974e-09,4.716567198606346e-09,3.1805199817282826e-09,2.3739127037088477e-09,1.4576233865375642e-09,1.0076275450685448e-09,6.0971609322616874e-09,1.1350932852319674e-08,1.1047418537028747e-08,8.157742639144577e-09,5.461638604223865e-09,3.73045884724977e-09,3.106795287005364e-09,495.15,2233366.67,8.432020097368509e-05,4.826243987648049e-05,5.12,,
62,7.04639963625778e-05,2.4760300568671e-07,4.30188101948663e-05,2.359112594863e-08,8.36651827323e-09,7.61364484269e-09,2.514149749682e-08,5.515444307548003e-06,8.601106500185094e-09,2.065910802332959e-08,2.537806081685088e-08,2.5841916674783613e-08,2.471932103087507e-08,2.3950398231724035e-08,2.2307958225233026e-08,2.12112194812556e-08,1.930348346427914e-08,1.7649844852172193e-08,1.631217596392756e-08,1.4805336618446486e-08,1.2850977214516053e-08,1.152137755021872e-08,9.580606073593154e-09,7.743158469702058e-09,6.350787606054255e-09,4.726353515599616e-09,3.1871191831037708e-09,2.378838290741661e-09,1.460647782017751e-09,1.00971825260052e-09,6.109811817350261e-09,1.1374484690422384e-08,1.1070340618959997e-08,8.174668986645739e-09,5.472970855930024e-09,3.738199106483292e-09,3.1132415183917885e-09,495.15,2233366.67,8.487752631648861e-05,4.8581436754311565e-05,5.12,,
66,5.70189664399562e-05,7.5534122232217e-07,4.02911855907071e-05,1.6653618231123e-07,1.476538270678e-08,3.695091967976e-08,1.8487570548006e-07,5.6575856463354035e-06,8.321604682481049e-09,1.9987769022406793e-08,2.455337458282262e-08,2.500215696672709e-08,2.3916041224911646e-08,2.3172105364363475e-08,2.1583038138139077e-08,2.0521939049650342e-08,1.867619688014373e-08,1.707629495853114e-08,1.578209499905079e-08,1.4324221950643337e-08,1.2433371469179309e-08,1.1146978515900122e-08,9.269274408043137e-09,7.4915365572184e-09,6.144412219386704e-09,4.572765788405032e-09,3.08355046146339e-09,2.3015354894948713e-09,1.4131825273914357e-09,9.769064176389687e-10,5.911267187221299e-09,1.1004859090931031e-08,1.0710598494439662e-08,7.909024695315641e-09,5.295121028998944e-09,3.6167224749383588e-09,3.0120735275846195e-09,516.15,2185103.371,7.669054884600867e-05,4.6281843601664964e-05,5.12,,
67,5.78686563795299e-05,8.7923393546739e-07,4.03185239833176e-05,1.2656152331117e-07,1.870193513613e-08,4.765323932522e-08,1.8733187054056e-07,5.813269024110473e-06,8.015474267179978e-09,1.9252470451368813e-08,2.365011913572041e-08,2.4082391970949287e-08,2.3036231631462314e-08,2.231966325622937e-08,2.07890537227778e-08,1.976698973833799e-08,1.7989147672050562e-08,1.6448102023764124e-08,1.5201512349342426e-08,1.3797270697617968e-08,1.197597973805498e-08,1.0736909870172621e-08,8.928281662972263e-09,7.215942211534984e-09,5.918375110406779e-09,4.404545505984502e-09,2.9701145774737465e-09,2.216867923308688e-09,1.3611951799370049e-09,9.409685452269696e-10,5.693806883827013e-09,1.0600018653012985e-08,1.0316583146398849e-08,7.618072035704137e-09,5.100327156719784e-09,3.4836725650318605e-09,2.90126709600081e-09,516.15,2185103.371,7.686134331591738e-05,4.638491605405041e-05,5.12,,
68,5.92748255968613e-05,9.1969918277058e-07,4.15877315584461e-05,1.5863531049596e-07,1.500253642757e-08,4.095753348123e-08,1.9535888392216e-07,5.771907543111338e-06,8.096806054405372e-09,1.9447822314292928e-08,2.3890093264921675e-08,2.4326752306267146e-08,2.326997673837339e-08,2.2546137453811288e-08,2.0999997060331935e-08,1.9967562349501854e-08,1.817168079261963e-08,1.6614998390649848e-08,1.5355759762120397e-08,1.393726948586991e-08,1.2097498166460313e-08,1.0845855646793067e-08,9.018875566750926e-09,7.289161269698809e-09,5.978427954337749e-09,4.449237753252278e-09,3.0002518742572e-09,2.239362141895803e-09,1.3750070185203029e-09,9.505164086415586e-10,5.751581068428172e-09,1.07075754154621e-08,1.0421263932262215e-08,7.695371443477496e-09,5.152079393613456e-09,3.5190208558974735e-09,2.9307058079560287e-09,516.15,2191998.128,7.900221964736905e-05,4.7676909722549355e-05,5.12,,
69,5.83314321248204e-05,9.0676647213565e-07,4.11912465556639e-05,1.7725854426741e-07,2.58852516645e-08,4.038159306641e-08,2.1483620319717e-07,5.772475692329657e-06,8.095688865411641e-09,1.9445138923719466e-08,2.38867969343593e-08,2.432339572593817e-08,2.3266765970853236e-08,2.2543026560893108e-08,2.0997099502279226e-08,1.9964807245731476e-08,1.8169173482744267e-08,1.6612705870215475e-08,1.5353640990140266e-08,1.3935346435723019e-08,1.209582896607285e-08,1.0844359146756538e-08,9.017631151551737e-09,7.288155518703996e-09,5.977603056981247e-09,4.4486238519910865e-09,2.9998379025812303e-09,2.239053157004589e-09,1.3748172964623617e-09,9.503852573625285e-10,5.750787471172289e-09,1.0706097995190042e-08,1.0419826016954914e-08,7.694309644019593e-09,5.151368514983699e-09,3.518535305009568e-09,2.930301432174948e-09,516.15,2191998.128,7.840789092970818e-05,4.7318239336528376e-05,5.12,,
70,5.88302341235615e-05,8.7924326270584e-07,4.12332712316656e-05,1.6875048789677e-07,1.870213353317e-08,4.08460670129e-08,1.798405035132e-07,5.735733271906251e-06,8.167937891506353e-09,1.9618674786185403e-08,2.4099971852975917e-08,2.4540467019280912e-08,2.3474407495832004e-08,2.274420915836302e-08,2.1184485654967828e-08,2.0142980827208337e-08,1.833132214123368e-08,1.6760964015985992e-08,1.549066275900849e-08,1.4059710801129276e-08,1.2203776773496711e-08,1.094113835850736e-08,9.098107943485343e-09,7.353197808125822e-09,6.0309494746150595e-09,4.488325073976193e-09,3.0266096042247423e-09,2.2590353243849365e-09,1.387086692233233e-09,9.588668591632819e-10,5.802109699703701e-09,1.0801643311504233e-08,1.05128165325635e-08,7.762976608312977e-09,5.197341299319897e-09,3.549936060806014e-09,2.95645256374117e-09,516.15,2205787.642,7.838844753947387e-05,4.730650547936539e-05,5.12,,
76,8.54965583189314e-05,1.4882528590625e-07,3.81491770985112e-05,0.0,9.26360483069e-09,0.0,2.783725440575e-08,5.162335772715868e-06,9.295446923417003e-09,2.2326853191722018e-08,2.742675228323351e-08,2.7928053773621635e-08,2.6714834494894366e-08,2.5883838963382247e-08,2.4108809912770525e-08,2.2923534880624624e-08,2.0861793302455112e-08,1.907466161782566e-08,1.7629006904502836e-08,1.6000525132101303e-08,1.3888396406788429e-08,1.245146232062138e-08,1.0354018433481234e-08,8.368239432121135e-09,6.863466824030311e-09,5.107897250733513e-09,3.4444053453480337e-09,2.570874464873244e-09,1.5785613085084565e-09,1.091229648702933e-09,6.6030378136839894e-09,1.229271125973911e-08,1.1964014588759658e-08,8.834584443319392e-09,5.914786673506587e-09,4.0399722271468835e-09,3.3645637678554808e-09,484.15,2233366.67,0.00010416259394910077,4.331151287122707e-05,5.12,,
77,8.66699072872808e-05,1.4194094829178e-07,3.85641474310545e-05,0.0,4.66296437594e-09,0.0,0.0,5.128410511056967e-06,9.362156385848129e-09,2.248708350517218e-08,2.7623582399754e-08,2.812848151736922e-08,2.69065554807462e-08,2.6069596248333353e-08,2.4281828570440824e-08,2.3088047324351808e-08,2.101150950523931e-08,1.921155233788079e-08,1.7755522776572565e-08,1.6115354084272422e-08,1.3988067510927947e-08,1.2540821161001346e-08,1.0428324812656987e-08,8.428294721405337e-09,6.912723001384356e-09,5.14455445318512e-09,3.4691243750919637e-09,2.589324535638272e-09,1.58988997050532e-09,1.0990609389952262e-09,6.650425002981321e-09,1.2380930811387823e-08,1.2049875224435357e-08,8.89798649207205e-09,5.9572345775864225e-09,4.068965386672189e-09,3.3887098086126454e-09,484.15,2212682.399,0.00010507899331646632,4.3692557942111465e-05,5.12,,
78,8.71948458147871e-05,1.5879741373962e-07,3.87338758482988e-05,0.0,4.69505116707e-09,4.27256009453e-09,5.643476213617e-08,5.223363606778523e-06,9.175443898986752e-09,2.2038616388145936e-08,2.7072676438209216e-08,2.7567506190821465e-08,2.636994941696823e-08,2.5549681930905784e-08,2.3797568277077017e-08,2.2627594993175286e-08,2.0592470233649606e-08,1.8828410189251933e-08,1.7401418692373657e-08,1.579396041023868e-08,1.3709098995159705e-08,1.229071554326206e-08,1.0220349386983405e-08,8.26020653716896e-09,6.7748603499418596e-09,5.0419549540782745e-09,3.399938515274032e-09,2.5376848061341797e-09,1.5581822850112243e-09,1.0771420142652147e-09,6.517793444629154e-09,1.2134013938161136e-08,1.1809560698935172e-08,8.720531094242438e-09,5.838427538165559e-09,3.987816705215978e-09,3.321127682279654e-09,484.15,2198892.885,0.00010571554261094297,4.395723945507732e-05,5.12,,
79,8.69877081469614e-05,1.6054080105845e-07,3.88529405572443e-05,0.0,0.0,4.31946720033e-09,1.901811393423e-08,5.139990656428173e-06,9.33938558807641e-09,2.2432390033938774e-08,2.7556395847571848e-08,2.806006694086997e-08,2.684111289376787e-08,2.6006189327994092e-08,2.4222769889393704e-08,2.3031892178582037e-08,2.0960404950465414e-08,1.916482566988495e-08,1.7712337488716486e-08,1.6076158042917322e-08,1.395404549256154e-08,1.2510319160096928e-08,1.0402960861701653e-08,8.407795278034398e-09,6.895909757615606e-09,5.132041779368204e-09,3.460686711124978e-09,2.5830267359715736e-09,1.5860230127761811e-09,1.0963877840777876e-09,6.6342497249152775e-09,1.2350817698541522e-08,1.2020567310681125e-08,8.876344656298751e-09,5.942745289194491e-09,4.059068779080792e-09,3.3804677303372176e-09,484.15,2191998.128,0.0001058013799763781,4.399293121367247e-05,5.12,,
80,8.85411964769603e-05,1.3523340711233e-07,3.90627464336683e-05,0.0,9.40788422975e-09,8.56130195468e-09,1.884721059891e-08,5.203266128920073e-06,9.214962885093287e-09,2.213353754775834e-08,2.7189279486062464e-08,2.7686240489253302e-08,2.648352579279396e-08,2.5659725383448213e-08,2.3900065309423865e-08,2.272505290605712e-08,2.068116278673172e-08,1.8909504868579585e-08,1.747636726501044e-08,1.5861985598871605e-08,1.3768144606324377e-08,1.234365212291323e-08,1.0264368820797692e-08,8.295783561122595e-09,6.80403993133221e-09,5.0636708459712e-09,3.4145821798669817e-09,2.5486147111829655e-09,1.5648934354199373e-09,1.0817813059185825e-09,6.545865829073901e-09,1.2186275598034797e-08,1.1860424926358222e-08,8.758090753584153e-09,5.8635738677933004e-09,4.004992383548689e-09,3.335431905615217e-09,484.15,2191998.128,0.00010645813056707605,4.426601256258837e-05,5.12,,
83,7.56087391529038e-05,7.1905303463757e-07,2.45532583833855e-05,3.211404126694e-08,1.138914325973e-08,3.800233976718e-08,1.5210900156723e-07,5.713162512575974e-06,8.212320252848881e-09,1.972527734915634e-08,2.4230924569969e-08,2.4673813267652445e-08,2.360196106560941e-08,2.2867795028226964e-08,2.1299596409932317e-08,2.0252432327141803e-08,1.8430929578749153e-08,1.6852038552948392e-08,1.557483482313749e-08,1.4136107460045603e-08,1.2270088789785193e-08,1.10005895397695e-08,9.14754459685424e-09,7.3931530926147855e-09,6.063720019932164e-09,4.5127134162850985e-09,3.0430553807330513e-09,2.2713103102362176e-09,1.3946237454779844e-09,9.64077081864291e-10,5.833636791689674e-09,1.0860336514478118e-08,1.056994032908026e-08,7.805158519769724e-09,5.225582243684413e-09,3.569225451480421e-09,2.9725171259010324e-09,506.15,2178208.614,9.426610923934758e-05,3.0330648978495353e-05,5.12,,
84,7.57018272934998e-05,7.6165216389488e-07,2.44392354051061e-05,7.533616672809e-08,7.63363813687e-09,4.168028400847e-08,1.7586707000317e-07,5.75907867108487e-06,8.122032305129332e-09,1.9508413569466743e-08,2.3964524772663147e-08,2.440254426038511e-08,2.334247622318241e-08,2.2616381759089822e-08,2.1065424240813568e-08,2.0029772896573163e-08,1.8228296126205518e-08,1.6666763754963183e-08,1.5403601867169384e-08,1.3980692170332836e-08,1.2135188895351336e-08,1.0879646782708076e-08,9.046974599229452e-09,7.311871238113671e-09,5.997054227648223e-09,4.463099711454053e-09,3.0095994003689145e-09,2.2463390548258677e-09,1.3792909635182848e-09,9.534778189903447e-10,5.769500582013706e-09,1.0740935728190498e-08,1.045373221852835e-08,7.719346992372057e-09,5.16813111149576e-09,3.529984648511157e-09,2.9398366577025704e-09,506.15,2185103.371,9.432310103960053e-05,3.034898640964715e-05,5.12,,
85,7.64088495236283e-05,7.6393950534319e-07,2.43813250713415e-05,4.354756782953e-08,7.72200366345e-09,4.216276695809e-08,1.701679658359e-07,5.827860947421398e-06,7.986781213322495e-09,1.9183552237282265e-08,2.3565458625377852e-08,2.3996184050269057e-08,2.2953768658861746e-08,2.2239765388861233e-08,2.071463498993298e-08,1.9696229695668424e-08,1.7924751784072002e-08,1.6389222628548088e-08,1.5147095380612224e-08,1.3747880503349114e-08,1.1933109232809e-08,1.0698474872704133e-08,8.896321025576248e-09,7.190111248624176e-09,5.89718905826174e-09,4.388778521123929e-09,2.959482435856962e-09,2.2089321844368317e-09,1.3563224992562872e-09,9.37600153008814e-10,5.6734247202611334e-09,1.0562073686069909e-08,1.0279652795682501e-08,7.590801565620332e-09,5.082069477021682e-09,3.4712020360028327e-09,2.8908814082341672e-09,506.15,2191998.128,9.415929579593202e-05,3.0296281154421958e-05,5.12,,
86,7.640491591182e-05,7.7711268622985e-07,2.42337104225074e-05,4.319102886896e-08,1.148817143336e-08,4.878716014664e-08,1.8411790035946e-07,5.887691432216654e-06,7.869132615124048e-09,1.8900970560270974e-08,2.3218329650747298e-08,2.3642710311572304e-08,2.2615650131014513e-08,2.1912164425171706e-08,2.0409499829263633e-08,1.9406096067164276e-08,1.766071275957318e-08,1.614780258506491e-08,1.4923972386415934e-08,1.3545368524340496e-08,1.1757329586930245e-08,1.0540881902768332e-08,8.765274528892885e-09,7.084197929265873e-09,5.81032101874935e-09,4.32412999413631e-09,2.9158880327211013e-09,2.1763936976455653e-09,1.3363433065777218e-09,9.237889140721399e-10,5.589852822209168e-09,1.0406489962158447e-08,1.0128229248564237e-08,7.478985911786201e-09,5.007208486849398e-09,3.420069791023075e-09,2.8482975266737985e-09,506.15,2191998.128,9.3884250883972e-05,3.0207783912461973e-05,5.12,,
98,7.73855340631153e-05,1.25138626720557e-06,4.06708562087991e-05,1.6539474031541e-07,1.80482221631e-08,9.033269516342e-08,3.1637167961422e-07,8.505924833005384e-06,8.36715514372941e-09,2.2886275116361454e-08,2.7508266860187428e-08,2.865317867295304e-08,2.9611361524040662e-08,2.8291643475459636e-08,2.6440177481300625e-08,2.6032137780444645e-08,2.42280062015007e-08,2.1047444857983947e-08,1.9605601346945862e-08,1.718117462557457e-08,1.4979633958140308e-08,1.3144138446610936e-08,1.0767730935930828e-08,9.766534920693733e-09,7.73476317846635e-09,5.1562117676801e-09,3.4944000663079087e-09,2.509037441909318e-09,1.2429084811478734e-09,9.115869045909001e-10,5.809017565395312e-09,1.200387175143752e-08,1.1242259607200965e-08,8.302036588356773e-09,6.0133692443485665e-09,4.6338649136383565e-09,3.0725995189140105e-09,517.15,1661101.839,9.790407595917393e-05,4.9507570522435303e-05,5.12,,
99,8.00747515344569e-05,1.24846672929587e-06,4.20759811781892e-05,1.8214440350017e-07,1.845626775774e-08,7.977840367882e-08,2.8655019186453e-07,8.437812183223467e-06,8.47997963209132e-09,2.3194878487060096e-08,2.7879194144420878e-08,2.9039544190047705e-08,3.001064738121198e-08,2.867313397554059e-08,2.6796702422607762e-08,2.638316062818597e-08,2.4554701757727128e-08,2.1331253052840617e-08,1.9869967419165098e-08,1.7412849215478624e-08,1.518162250838758e-08,1.332137678744753e-08,1.0912925295638089e-08,9.898228941728084e-09,7.839060359912185e-09,5.225739216924321e-09,3.5415192953458064e-09,2.5428698330627725e-09,1.2596681217972142e-09,9.238789350769086e-10,5.887347585986868e-09,1.2165734495160263e-08,1.1393852611803585e-08,8.413983004355187e-09,6.0944547861689935e-09,4.696348927504319e-09,3.1140311002230197e-09,517.15,1667996.596,0.00010061434178063912,5.087808216841301e-05,5.12,,
100,7.95386573081128e-05,1.21909631359845e-06,4.18556324779148e-05,1.6831100898306e-07,1.836645153787e-08,7.103330758008e-08,2.9435428552074e-07,8.427902279452558e-06,8.496394788838978e-09,2.323977807203871e-08,2.7933161413416103e-08,2.90957576115937e-08,3.0068740619902915e-08,2.8728638116950784e-08,2.6848574253634673e-08,2.6434231943920203e-08,2.4602233626402824e-08,2.137254511693488e-08,1.990843079336026e-08,1.7446556212629154e-08,1.521101039892164e-08,1.334716369939164e-08,1.093405003733269e-08,9.917389480626999e-09,7.85423485444462e-09,5.235854963906021e-09,3.5483748064295786e-09,2.547792204189781e-09,1.2621065297376154e-09,9.256673376666691e-10,5.898744044191343e-09,1.218928436760721e-08,1.1415908310602045e-08,8.43027040784917e-09,6.106252153019722e-09,4.705439904974943e-09,3.1200590992094563e-09,517.15,1667996.596,0.00010010427944048825,5.062015677533348e-05,5.12,,
101,7.90693134711992e-05,1.22014669945742e-06,4.16576638995118e-05,1.4253971555217e-07,2.297784532558e-08,7.109451060478e-08,2.7619491017373e-07,8.418706946077736e-06,8.511626302906531e-09,2.3281440096394738e-08,2.7983237281074526e-08,2.914791766916885e-08,3.012264494722387e-08,2.878014003823565e-08,2.6896705778428597e-08,2.648162067593247e-08,2.4646338129181577e-08,2.1410859746810084e-08,1.9944120700812566e-08,1.7477832709659644e-08,1.5238279225833638e-08,1.3371091202373994e-08,1.0953651543747824e-08,9.935168416415856e-09,7.868315166347319e-09,5.2452412978182755e-09,3.5547359892752812e-09,2.552359639409515e-09,1.2643691121434727e-09,9.273267844586266e-10,5.9093187414744794e-09,1.2211136136614284e-08,1.143637364588228e-08,8.445383380527782e-09,6.117198850752143e-09,4.7138753621173994e-09,3.1256524391191817e-09,517.15,1667996.596,9.95926724190436e-05,5.0361450276693875e-05,5.12,,
102,7.96168323390441e-05,1.18380890250419e-06,4.20123459866186e-05,1.2985803272348e-07,1.842149638932e-08,6.705524396114e-08,2.9523647486948e-07,8.417217129096764e-06,8.514094094706869e-09,2.328819012804854e-08,2.7991350513616885e-08,2.9156368579683605e-08,3.0131378462249055e-08,2.8788484318291117e-08,2.6904503990851693e-08,2.64892985419522e-08,2.4653483888285544e-08,2.141706743758985e-08,1.994990313718593e-08,1.748290009052361e-08,1.5242697288749762e-08,1.3374967907959566e-08,1.0956827356512794e-08,9.938048938454828e-09,7.870596441741582e-09,5.246762060479242e-09,3.555766620557073e-09,2.553099649833551e-09,1.264735693054865e-09,9.27595646054928e-10,5.911032041355938e-09,1.2214676534249041e-08,1.1439689415172958e-08,8.447831966393218e-09,6.11897242170412e-09,4.715242064854628e-09,3.126558665401383e-09,517.15,1674891.353,0.00010024097298451261,5.068927918116232e-05,5.12,,
107,0.00012409252272952,5.1536336408545e-07,4.98871283956408e-05,0.0,1.324990018542e-08,0.0,5.308816586397e-08,7.023626984310279e-06,1.0822491955826025e-08,2.9602239242721188e-08,3.558055177645476e-08,3.7061437295001896e-08,3.830079834663457e-08,3.659380980400782e-08,3.4199032190342085e-08,3.367125347651233e-08,3.133770053468535e-08,2.7223805314155365e-08,2.535885366311971e-08,2.2222980329972038e-08,1.937539883369882e-08,1.7001278231504825e-08,1.3927515318506335e-08,1.2632518914713232e-08,1.0004524936041814e-08,6.669299112981527e-09,4.519829734052113e-09,3.2453130204332272e-09,1.6076392522889517e-09,1.179091551728303e-09,7.513670392481965e-09,1.5526400937606555e-08,1.4541294152460266e-08,1.0738264398240514e-08,7.777988952809912e-09,5.993669878324107e-09,3.974252061268721e-09,484.15,1674891.353,0.00015325301548659747,5.6910755379951076e-05,5.12,,
108,0.000125109115216212,1.6537028229207e-07,5.01973178162323e-05,0.0,6.51918204955e-09,0.0,2.612030378347e-08,6.82556790405091e-06,1.1150564853698018e-08,3.0499601185931643e-08,3.665914021771501e-08,3.8184917283002903e-08,3.946184831143745e-08,3.770311413757349e-08,3.523574126260554e-08,3.469196347085658e-08,3.22876712317321e-08,2.8049067438347557e-08,2.612758166420571e-08,2.289664750255713e-08,1.9962744453242135e-08,1.751665478615638e-08,1.4349713859225898e-08,1.3015460949199263e-08,1.0307801990993371e-08,6.87147217032375e-09,4.656843801125661e-09,3.343691402367906e-09,1.6563732102705306e-09,1.2148345195965903e-09,7.741439711172893e-09,1.5997068078770924e-08,1.498209877776087e-08,1.1063784022891278e-08,8.013770821327821e-09,6.175361918742886e-09,4.094727492984083e-09,484.15,1667996.596,0.0001535549674229004,5.702288572028321e-05,5.12,,
113,6.65417567598213e-05,5.2882159185624e-07,3.55134110093428e-05,4.301165203146e-08,1.14404598619e-08,3.123291985302e-08,1.4515464798448e-07,7.830045375511026e-06,9.486708622125593e-09,2.5948535642659528e-08,3.118896541530546e-08,3.24870702764155e-08,3.357346121322012e-08,3.207716045445732e-08,2.99779620879105e-08,2.9515325303748444e-08,2.7469794856253008e-08,2.3863663715807698e-08,2.222889669727431e-08,1.9480073532619426e-08,1.6983959324989266e-08,1.4902868345321197e-08,1.2208489523129962e-08,1.1073330116254893e-08,8.769700486580252e-09,5.846130231087556e-09,3.961962539088727e-09,2.8447550839588963e-09,1.4092138130670564e-09,1.03356029606793e-09,6.586283638473539e-09,1.3610030134148412e-08,1.2746511725402369e-08,9.412876985194978e-09,6.8179782588517134e-09,5.253891612482321e-09,3.483723660874807e-09,506.15,1667996.596,8.673061218998293e-05,4.342947968891675e-05,5.12,,
114,6.65624822586636e-05,5.7572184082515e-07,3.54273214533065e-05,6.471497007085e-08,1.912579970495e-08,3.4809473076e-08,1.6858828732135e-07,7.894290392155928e-06,9.380290634336668e-09,2.5657455663379812e-08,3.083910045445126e-08,3.2122643710186785e-08,3.319684796117108e-08,3.171733208768485e-08,2.9641681663320702e-08,2.9184234547947758e-08,2.7161650018035978e-08,2.3595970970614183e-08,2.197954209479662e-08,1.9261554095595e-08,1.6793440268481203e-08,1.4735694109791973e-08,1.2071539718857112e-08,1.0949114062401823e-08,8.671325600572179e-09,5.7805507513833575e-09,3.917518876075659e-09,2.8128437937690444e-09,1.3934058332582118e-09,1.0219662426035335e-09,6.512401422867298e-09,1.3457358424885123e-08,1.2603526609786863e-08,9.307287210282645e-09,6.741496988476924e-09,5.194955621536265e-09,3.4446446845122024e-09,506.15,1661101.839,8.677367266087026e-05,4.345104178560413e-05,5.12,,
115,6.64417000753009e-05,4.9948083237774e-07,3.53564936412777e-05,4.326322582712e-08,1.917895791779e-08,3.490622246201e-08,1.6137245851344e-07,7.861070126620182e-06,9.43531799671822e-09,2.580796934846856e-08,3.102001109169914e-08,3.2311083964865415e-08,3.3391589793156315e-08,3.190339467301417e-08,2.9815567912912534e-08,2.9355437287063285e-08,2.732098772053234e-08,2.3734391420039458e-08,2.2108480128273286e-08,1.937454766461837e-08,1.689195520360528e-08,1.4822137740520755e-08,1.2142354687871113e-08,1.1013344574094422e-08,8.722193979255934e-09,5.8144610504733406e-09,3.94050011826034e-09,2.829344708377793e-09,1.4015799347567943e-09,1.0279613773989957e-09,6.550604959094468e-09,1.3536302987224578e-08,1.2677462360082656e-08,9.361886314518783e-09,6.781044462242944e-09,5.225430658684469e-09,3.464851916752586e-09,506.15,1667996.596,8.648020381488683e-05,4.330409021955212e-05,5.12,,
121,9.13894643983152e-05,1.9810048327034e-07,5.99581748206383e-05,0.0,1.115637583249e-08,5.0762264867e-09,8.940014978947e-08,8.483100828461493e-06,8.40496172801705e-09,2.2989685639335358e-08,2.7632561628455942e-08,2.878264666966153e-08,2.9745159023441568e-08,2.8419477892930957e-08,2.6559646139566883e-08,2.6149762731133104e-08,2.4337479271241134e-08,2.114254671571144e-08,1.9694188304770906e-08,1.7258806928966157e-08,1.504731870691192e-08,1.320352959802787e-08,1.0816384405386452e-08,9.81066453456304e-09,7.769712330361875e-09,5.179509860215867e-09,3.510189343352761e-09,2.5203744057756424e-09,1.2485245027761512e-09,9.157058657613229e-10,5.835265329234026e-09,1.2058110663152793e-08,1.1293057211419133e-08,8.339548937613498e-09,6.0405403613272624e-09,4.65480280727432e-09,3.086482910664077e-09,495.15,1688680.867,9.842491799347539e-05,6.84412756490998e-05,5.12,,
122,9.32738799527068e-05,2.0659934476412e-07,6.17431548509807e-05,1.565802797177e-08,1.110614028629e-08,0.0,6.674819538748e-08,8.39703229235535e-06,8.547529057012847e-09,2.3379643164677515e-08,2.8101272924492994e-08,2.927086603221317e-08,3.0249704791733575e-08,2.8901537084365985e-08,2.7010158340778883e-08,2.6593322374483323e-08,2.475029845191931e-08,2.1501172550184927e-08,2.0028246675791458e-08,1.7551555674902132e-08,1.5302555566520926e-08,1.3427491587269655e-08,1.099985496527341e-08,9.977075790631478e-09,7.901504380088048e-09,5.267366165833166e-09,3.569730164018625e-09,2.56312570658205e-09,1.269702327174002e-09,9.31238326663816e-10,5.934244743881159e-09,1.2262643733690286e-08,1.1484613229748392e-08,8.481006716427893e-09,6.143001708906641e-09,4.733758884019217e-09,3.1388367034360004e-09,495.15,1688680.867,0.00010091314608568131,7.01715031992796e-05,5.12,,
123,9.30145044235971e-05,2.3740720489088e-07,6.14067148907392e-05,0.0,5.61540114865e-09,5.11009103175e-09,8.99965564722e-08,8.469654463213593e-06,8.427234819495342e-09,2.305060815009412e-08,2.770578772904348e-08,2.8858920487794907e-08,2.982398349277342e-08,2.8494789316273262e-08,2.663002902139795e-08,2.6219059424716448e-08,2.4401973425967916e-08,2.1198574320871542e-08,1.974637776998176e-08,1.730454265007642e-08,1.5087193999257976e-08,1.3238518861761567e-08,1.0845047750577243e-08,9.83666272892873e-09,7.790302015252086e-09,5.193235526157301e-09,3.519491321265404e-09,2.527053380828231e-09,1.2518330842263828e-09,9.181324800845416e-10,5.8507287427133405e-09,1.2090064574490728e-08,1.1322983736307531e-08,8.361648685641617e-09,6.056547752247042e-09,4.667138003090172e-09,3.094662069408638e-09,495.15,1688680.867,0.00010048871617481405,6.98763693539528e-05,5.12,,
124,9.20307930580955e-05,2.0827160852351e-07,6.07034753146096e-05,0.0,5.59801800087e-09,5.09427213205e-09,4.485898066864e-08,8.391990754604776e-06,8.555880059639921e-09,2.3402485258595647e-08,2.8128728087552547e-08,2.9299463896871048e-08,3.0279258989502194e-08,2.8929774111758128e-08,2.7036547476370817e-08,2.6619304258081565e-08,2.4774479686755035e-08,2.1522179363645766e-08,2.0047814429172535e-08,1.756870368183755e-08,1.5317506282790453e-08,1.3440610351391118e-08,1.1010601909460404e-08,9.986823471579074e-09,7.90922421156166e-09,5.272512423704327e-09,3.573217818261017e-09,2.5656299004100458e-09,1.2709428362613777e-09,9.321481537799953e-10,5.940042547330003e-09,1.2274624432363769e-08,1.1495833786544729e-08,8.489292726208814e-09,6.149003469540273e-09,4.7383838034096855e-09,3.141903371403025e-09,495.15,1688680.867,9.93657046436544e-05,6.909546606921438e-05,5.12,,
129,7.69203765197805e-05,8.2979191164522e-07,2.50276757266674e-05,5.490342809406e-08,1.947132728689e-08,6.378901672741e-08,2.1844328687544e-07,7.783129930262617e-06,9.564421222110628e-09,2.6161099161886032e-08,3.144445714481993e-08,3.2753195736534364e-08,3.384848609964817e-08,3.2339928042073444e-08,3.0223533599474684e-08,2.9757107017525215e-08,2.7694820127331343e-08,2.40591485173751e-08,2.2410989921168107e-08,1.9639649126475952e-08,1.7123087413534824e-08,1.5024948688723807e-08,1.2308498230103394e-08,1.1164039898551753e-08,8.84153954615806e-09,5.89402017882447e-09,3.99441788500689e-09,2.8680585628261076e-09,1.420757718726059e-09,1.0420269477854088e-09,6.6402367265436125e-09,1.3721519889945546e-08,1.2850927767506847e-08,9.48998477599955e-09,6.873829327777882e-09,5.296930098590489e-09,3.5122614007906875e-09,506.15,2198892.885,0.00010231558373802302,3.292061251311814e-05,5.12,,
130,7.82455740512527e-05,8.1787595242896e-07,2.48940098137497e-05,3.29926966676e-08,1.950125936858e-08,6.743635766768e-08,2.422197027922e-07,7.928744478843901e-06,9.323219521775438e-09,2.5501351807190172e-08,3.0651470684550474e-08,3.192720466821962e-08,3.299487329742933e-08,3.152435902317316e-08,2.946133717116615e-08,2.900667323350379e-08,2.6996394414989547e-08,2.3452409500319646e-08,2.1845815223227767e-08,1.9144363875723772e-08,1.669126642790269e-08,1.4646039909299573e-08,1.1998094638215324e-08,1.0882497989887639e-08,8.61856793892854e-09,5.74538100286933e-09,3.89368409638143e-09,2.795730025013978e-09,1.384928140588194e-09,1.0157484448039745e-09,6.4727789837407445e-09,1.3375481812807446e-08,1.252684484012158e-08,9.250660261638499e-09,6.700480697142389e-09,5.163348722711402e-09,3.4236869432026074e-09,506.15,2198892.885,0.00010221652461760238,3.28887396859288e-05,5.12,,
131,7.69617669203926e-05,9.4563756538791e-07,2.45203591745237e-05,6.615622791091e-08,3.128279624635e-08,8.184483270304e-08,2.1151173225604e-07,7.940431669949337e-06,9.303860395958419e-09,2.5448399725885387e-08,3.058782467942608e-08,3.186090967530283e-08,3.2926361352388284e-08,3.145890051592628e-08,2.940016240941115e-08,2.8946442555104662e-08,2.6940337964225415e-08,2.3403711929146028e-08,2.1800453652099464e-08,1.9104611711989852e-08,1.6656607979062307e-08,1.4615628254971048e-08,1.1973181289009808e-08,1.0859901112564562e-08,8.600671981346232e-09,5.733451051692971e-09,3.8855990866766255e-09,2.7899248534015058e-09,1.3820524174478606e-09,1.0136393019380929e-09,6.4593386327504765e-09,1.3347708398841101e-08,1.2500833571719741e-08,9.231451800926265e-09,6.68656753672098e-09,5.152627327883505e-09,3.416577855388389e-09,506.15,2198892.885,0.00010129770181750158,3.259310330029486e-05,5.12,,
136,0.000121928520221508,1.7970816745625e-07,6.00694017477311e-05,0.0,6.64163084806e-09,0.0,2.661091745106e-08,6.674410088732331e-06,1.0992139317203596e-08,2.2630366173520922e-08,2.6109998764339797e-08,2.6557569350426163e-08,2.6559090891295556e-08,2.5993474966227978e-08,2.5243192196500693e-08,2.3602982661223893e-08,2.229444417395171e-08,1.9331046565018414e-08,1.6974914089541713e-08,1.5816042061337362e-08,1.3451885851829677e-08,1.170363972082124e-08,9.554471761645798e-09,8.163443238920691e-09,6.0419043342157955e-09,3.664034100963232e-09,2.6972181855559477e-09,1.6320869859318982e-09,1.4125962764200074e-09,8.897740893783503e-10,6.606212843213078e-09,1.2051004410668423e-08,1.1865833008294712e-08,9.149332065445302e-09,6.3650307483282425e-09,5.323611464420788e-09,4.516420646792069e-09,484.15,2612578.305,0.00013255544752995935,6.674381183646343e-05,5.12,,
137,0.000122538433228421,1.810860664928e-07,6.03709291812092e-05,0.0,0.0,0.0,0.0,6.633353599907854e-06,1.1089116576027292e-08,2.2830020746152637e-08,2.634035211367306e-08,2.6791871355004443e-08,2.679340631954492e-08,2.622280029379019e-08,2.5465898215095727e-08,2.3811218064041826e-08,2.2491135101950043e-08,1.9501593157630708e-08,1.712467389422278e-08,1.595557781141181e-08,1.3570564025229281e-08,1.1806894134328266e-08,9.638765314903686e-09,8.235464555702435e-09,6.095208545843665e-09,3.6963597450525353e-09,2.721014174538298e-09,1.6464859411752866e-09,1.4250587926562577e-09,8.976240492151236e-10,6.664495620955717e-09,1.2157323421017013e-08,1.1970518358943716e-08,9.23005130654753e-09,6.421185716573173e-09,5.370578595382632e-09,4.556266402143364e-09,484.15,2591894.034,0.0001330727515569111,6.700428278111706e-05,5.12,,
151,0.00010382894192181,3.5749513759429e-07,5.12356222509915e-05,0.0,5.87211481688e-09,1.068740788728e-08,8.234698401717e-08,6.752333448022041e-06,1.0808080865090057e-08,2.225143082267963e-08,2.567279852346135e-08,2.6112874740443638e-08,2.6114370803792313e-08,2.5558225864185747e-08,2.4820506243565147e-08,2.3207761282698575e-08,2.1921133686614004e-08,1.9007356844044496e-08,1.6690676752120827e-08,1.5551209517246852e-08,1.322664004512663e-08,1.1507667512960168e-08,9.394486409162255e-09,8.02675003634084e-09,5.940735350864813e-09,3.6026814901880914e-09,2.652054474478438e-09,1.6047584199743027e-09,1.388942984135739e-09,8.748752205689459e-10,6.495594766497898e-09,1.1849215736577515e-08,1.1667144946442521e-08,8.996130595809358e-09,6.258451157824069e-09,5.234469973622757e-09,4.440795204887313e-09,495.15,2591894.034,0.00011616296931963686,5.7987955699013545e-05,5.12,,
152,0.000105847894026268,3.5385899202649e-07,5.18590252530003e-05,0.0,1.162477702017e-08,1.586805658877e-08,8.150941844083e-08,6.807376507953495e-06,1.067806670113558e-08,2.198376062189996e-08,2.5363971500601013e-08,2.579875388770347e-08,2.580023195438577e-08,2.525077707569409e-08,2.4521931740980952e-08,2.292858705018787e-08,2.1657436744966844e-08,1.877871073749612e-08,1.6489898796177646e-08,1.5364138608997415e-08,1.3067532191580828e-08,1.1369237777890717e-08,9.281476864589537e-09,7.930193468318e-09,5.8692721790437856e-09,3.559343581470735e-09,2.6201519887767664e-09,1.5854542227790567e-09,1.3722349058823533e-09,8.643510422447294e-10,6.417456997776987e-09,1.170667739913008e-08,1.1526796801856836e-08,8.887913011870168e-09,6.1831660720543456e-09,5.171502713675289e-09,4.387375334786103e-09,495.15,2591894.034,0.00011752204997920104,5.8666401760953794e-05,5.12,,
153,0.000105545705454445,3.1329422991838e-07,5.14961738897074e-05,0.0,1.157868699791e-08,1.053676184857e-08,6.958821355975e-08,6.792209900572752e-06,1.0713890904606259e-08,2.2057514676413018e-08,2.5449065937758384e-08,2.588530699084758e-08,2.5886790016345276e-08,2.5335491753085664e-08,2.4604201190757806e-08,2.3005510934517396e-08,2.1730096004580057e-08,1.8841712062848913e-08,1.6545221309720507e-08,1.5415684271998554e-08,1.3111372892823221e-08,1.1407380814346779e-08,9.312615602060626e-09,7.95679873988281e-09,5.888963196776845e-09,3.5712849424168226e-09,2.628942424404974e-09,1.5907733162310801e-09,1.3768386627096702e-09,8.672508824942921e-10,6.438987139111302e-09,1.1745952523068707e-08,1.1565468438357381e-08,8.917731368795494e-09,6.203910182918037e-09,5.188852761268096e-09,4.402094687183377e-09,495.15,2584999.277,0.00011676479462504513,5.828838379028015e-05,5.12,,
160,9.87227175428294e-05,9.2800097638994e-07,4.10779696884335e-05,7.584886236371e-08,1.61397356197e-08,5.874951125438e-08,2.8022290343456e-07,6.557229814241854e-06,1.1268924354932392e-08,2.3200204907765413e-08,2.6767455587305637e-08,2.72262961216688e-08,2.7227855975348355e-08,2.664799768847639e-08,2.587882259590516e-08,2.4197312141398365e-08,2.285582430149176e-08,1.9817807540151038e-08,1.7402347012390812e-08,1.6214294273426427e-08,1.3790607971844555e-08,1.1998340530937594e-08,9.795055941914232e-09,8.369000945175854e-09,6.194041117679083e-09,3.756295469529355e-09,2.7651348681696296e-09,1.6731833771749412e-09,1.448165832298229e-09,9.121788413371659e-10,6.77255906739088e-09,1.2354451957521868e-08,1.2164617889209046e-08,9.379714718707724e-09,6.525303942197219e-09,5.457661439363064e-09,4.630145338869523e-09,506.15,2612578.305,0.00012311509781869035,4.778689722740277e-05,5.12,,
161,9.89318864476921e-05,9.1470434592577e-07,4.09934863064808e-05,2.990483234512e-08,2.121130859274e-08,6.273337800137e-08,2.8683117637812e-07,6.624132062775345e-06,1.1110898258262101e-08,2.2874864377644595e-08,2.6392090877149794e-08,2.684449701046848e-08,2.684603499004714e-08,2.6274308157323783e-08,2.55159193415707e-08,2.3857989002189945e-08,2.2535313080829793e-08,1.9539898959749364e-08,1.715831085732812e-08,1.5986918389660596e-08,1.359721986488234e-08,1.1830085703688256e-08,9.657698159714695e-09,8.25164098155011e-09,6.1071809960194955e-09,3.703620281348666e-09,2.7263588984123643e-09,1.649720034110362e-09,1.4278579496111641e-09,8.993871979449864e-10,6.677586287365045e-09,1.2181203317469254e-08,1.1994031325490042e-08,9.248181339106192e-09,6.433798464026062e-09,5.381127698693041e-09,4.5652160011730265e-09,506.15,2605683.548,0.00012283306840806796,4.7677428033946385e-05,5.12,,
162,0.000101334408694101,7.1798200027727e-07,4.25851881470858e-05,6.061460261167e-08,3.224516592464e-08,7.335884331639e-08,2.799250938815e-07,6.415847860340072e-06,1.1602874839474527e-08,2.388773456245104e-08,2.756069942156992e-08,2.8033137528687325e-08,2.8034743608064707e-08,2.7437701431251917e-08,2.6645732113892986e-08,2.4914390707171177e-08,2.3533148361862458e-08,2.040510107608639e-08,1.7918059251990202e-08,1.6694799001169094e-08,1.4199287635428626e-08,1.2353906999200766e-08,1.008532887080188e-08,8.61701325165227e-09,6.377599278810714e-09,3.867611922868018e-09,2.8470786367108948e-09,1.7227675594745456e-09,1.4910817012987765e-09,9.39210930333335e-10,6.973261398057913e-09,1.2720571658703561e-08,1.2525111926653993e-08,9.657679161144362e-09,6.718678956940987e-09,5.619397255909253e-09,4.767358016026168e-09,506.15,2584999.277,0.00012655545426922983,4.9122265212649214e-05,5.12,,
164,7.43356069754847e-05,8.3452611702711e-07,2.43120739031876e-05,6.373099413403e-08,1.506799712611e-08,5.484832512753e-08,2.1130447159309e-07,6.5646416857319645e-06,1.1251417183704542e-08,2.3164161542218847e-08,2.6725870213800515e-08,2.7183997902860227e-08,2.7185555333182898e-08,2.6606597902328454e-08,2.5838617784505982e-08,2.415971969037372e-08,2.282031595863695e-08,1.9787018998224754e-08,1.737531108071566e-08,1.6189104076275145e-08,1.376918316433899e-08,1.1979700153603513e-08,9.779838542616809e-09,8.355999035859717e-09,6.1844181816273296e-09,3.750459765437628e-09,2.760839010989263e-09,1.6705839535780502e-09,1.4459159913734143e-09,9.107616988786028e-10,6.7620373576421016e-09,1.2335258332732657e-08,1.2145719186759728e-08,9.365142585070415e-09,6.515166362972117e-09,5.449182527772826e-09,4.62295203942902e-09,506.15,2226471.913,9.635940175363415e-05,3.1004177577187624e-05,5.12,,
165,7.51703434561002e-05,8.7052820178614e-07,2.39916163504729e-05,6.403626493593e-08,1.51401726763e-08,6.888881004609e-08,2.6539577227965e-07,6.770196195820806e-06,1.0765888257631856e-08,2.2164565643023448e-08,2.5572577001807807e-08,2.6010935248383825e-08,2.6012425471397434e-08,2.5458451611506096e-08,2.472361190219959e-08,2.311716277830106e-08,2.1835557921570873e-08,1.893315588680249e-08,1.662551965520378e-08,1.5490500674775032e-08,1.3175005861557788e-08,1.1462743857762314e-08,9.357812194537021e-09,7.995415193673043e-09,5.917543896452059e-09,3.5886173350610316e-09,2.6417013789755294e-09,1.5984937608803912e-09,1.3835208257671106e-09,8.714598809524927e-10,6.4702372508009504e-09,1.1802958744748764e-08,1.1621598722924412e-08,8.961011483396191e-09,6.234019403815705e-09,5.214035639386586e-09,4.423459219783124e-09,506.15,2226471.913,9.600418649285214e-05,3.0889885076165565e-05,5.12,,
166,7.58170147076927e-05,9.5190398964396e-07,2.38222584765458e-05,4.348416031112e-08,7.71076002543e-09,5.262671972701e-08,1.8536748267028e-07,6.768239800778022e-06,1.0770509350030588e-08,2.2174079442847773e-08,2.5583553638233075e-08,2.602210004336254e-08,2.6023590906031522e-08,2.546937926135812e-08,2.4734224133377957e-08,2.3127085465834008e-08,2.1844930499877356e-08,1.894128265355492e-08,1.663265590450018e-08,1.5497149734583918e-08,1.318066103073502e-08,1.1467664064738471e-08,9.361828891883872e-09,7.998847103004815e-09,5.920083911401562e-09,3.590157694007006e-09,2.6428352887719137e-09,1.5991798898082655e-09,1.3841146808600156e-09,8.718339417392387e-10,6.4730145008951525e-09,1.1808024983746669e-08,1.1626587115914796e-08,8.964857860124235e-09,6.236695261022388e-09,5.21627368420772e-09,4.4253579218026395e-09,506.15,2219577.156,9.534400070235052e-05,3.067746659794606e-05,5.12,,
167,7.61627056826434e-05,9.0332279642744e-07,2.38492987986204e-05,5.417874988753e-08,1.537145796066e-08,5.245588030383e-08,2.1556002266306e-07,6.79812535478681e-06,1.069991833776478e-08,2.2028748273906477e-08,2.5415876429106988e-08,2.5851548556553057e-08,2.585302964795668e-08,2.5302450362695033e-08,2.4572113516095073e-08,2.2975508198619017e-08,2.1701756606540712e-08,1.8817139563133348e-08,1.6523643788284504e-08,1.539557984114188e-08,1.309427363954916e-08,1.139250382966084e-08,9.300470514423712e-09,7.9464218466302e-09,5.881283080129531e-09,3.5666274358198096e-09,2.62551387785037e-09,1.5886987023780379e-09,1.3750430526539089e-09,8.661198535308766e-10,6.430589706377134e-09,1.1730633988634608e-08,1.155038528301757e-08,8.906101271127497e-09,6.1958193268059905e-09,5.182085696652361e-09,4.3963536764892386e-09,506.15,2212682.399,9.558739989757432e-05,3.075578165318227e-05,5.12,,
168,7.52982348035535e-05,1.02395821133447e-06,2.38562516069265e-05,5.437301188524e-08,1.928321685447e-08,7.721114840645e-08,3.0904704199578e-07,6.947730573854392e-06,1.03465441339229e-08,2.1301229508136998e-08,2.4576494780148026e-08,2.4997778452812248e-08,2.4999210629871006e-08,2.4466814709233227e-08,2.3760597878651775e-08,2.2216721854531307e-08,2.0985037027874413e-08,1.8195686996693212e-08,1.5977935934828903e-08,1.4887127290635394e-08,1.266182374823251e-08,1.101625638145714e-08,8.993314304474924e-09,7.683984283575744e-09,5.687048539228946e-09,3.4488364311833463e-09,2.5388039753096563e-09,1.5362305319326602e-09,1.3296310477543095e-09,8.375154844122001e-10,6.218213831534755e-09,1.1343219494856311e-08,1.1168923661105234e-08,8.611969451923606e-09,5.991196950013573e-09,5.010942763642139e-09,4.251160233773558e-09,506.15,2212682.399,9.607518177018074e-05,3.091272820455137e-05,5.12,,
172,9.5466305941344e-05,1.8706277677902e-07,5.42095020797075e-05,0.0,5.5307532267e-09,1.006612055469e-08,6.647994487722e-08,9.158958920834904e-06,1.336469971588685e-08,3.0376814818732764e-08,3.28119992792561e-08,3.285428286682502e-08,3.27480305720554e-08,3.1669576216828975e-08,3.096435330074817e-08,2.9372109611537044e-08,2.798217807293283e-08,2.512433991150155e-08,2.3355097734967485e-08,2.0569621030786153e-08,1.8379832653934435e-08,1.6230042160245733e-08,1.3967992102545786e-08,1.1846758742899404e-08,9.388760983729909e-09,6.637508672706762e-09,5.097485720680057e-09,3.4051751729312305e-09,2.4933211528521657e-09,1.6692263145634646e-09,8.63919498940915e-09,1.804179176538301e-08,1.5910151200952148e-08,1.1653235480844695e-08,8.045366076524541e-09,5.9122877711042165e-09,3.7913722814758694e-09,484.15,1881734.063,0.00010861909524247162,6.336846100054241e-05,5.12,,
173,9.62108217256197e-05,1.3118576408344e-07,5.4742284291722e-05,0.0,5.54096712875e-09,5.04235506642e-09,7.770316927033e-08,9.130701583930656e-06,1.3425654724377171e-08,3.051536031878495e-08,3.29616514029229e-08,3.300412784154676e-08,3.289739094108697e-08,3.1814017867462315e-08,3.1105578502845356e-08,2.9506072755401892e-08,2.8109801883289433e-08,2.5238929418574337e-08,2.3461617912075167e-08,2.0663436937707263e-08,1.8463661163312724e-08,1.630406569827555e-08,1.4031698665005344e-08,1.1900790580135358e-08,9.43158214826356e-09,6.6677816609594256e-09,5.120734824063501e-09,3.4207058235249225e-09,2.504692931887391e-09,1.6768394825612113e-09,8.678597461228475e-09,1.8124078505348614e-08,1.598271574951312e-08,1.1706384678565182e-08,8.082060156296445e-09,5.9392531020840426e-09,3.8086643370042565e-09,484.15,1881734.063,0.00010948389509079564,6.387298587565265e-05,5.12,,
174,9.63553469967285e-05,1.3227722697266e-07,5.48563096704216e-05,0.0,5.58706786257e-09,5.08430735802e-09,5.596404147028e-08,9.09766252711549e-06,1.3496924568223566e-08,3.067735055385984e-08,3.313662772971165e-08,3.317932965373716e-08,3.307202614238318e-08,3.198290200250741e-08,3.127070190041228e-08,2.9662705205808917e-08,2.8259022255174726e-08,2.5372909816211548e-08,2.358616348391542e-08,2.0773128416753443e-08,1.8561675172681874e-08,1.6390615534408876e-08,1.4106185682084579e-08,1.196396571041447e-08,9.481649530505313e-09,6.703177458597181e-09,5.147918151713597e-09,3.4388645781549236e-09,2.517989048747499e-09,1.685740954447019e-09,8.724667637958435e-09,1.822028984635611e-08,1.6067559705289882e-08,1.1768527808652706e-08,8.124963625596199e-09,5.970781519121401e-09,3.828882562344787e-09,484.15,1881734.063,0.00010962271274347665,6.395397219753709e-05,5.12,,
180,8.19541847658244e-05,7.9742560954316e-07,3.45080686063457e-05,3.693333147702e-08,8.73219286966e-09,4.767848204205e-08,2.0117605094126e-07,8.679799589611952e-06,1.4398313081572446e-08,3.2726129241882516e-08,3.534964858907112e-08,3.5395202349722075e-08,3.528073260193493e-08,3.4118871596387816e-08,3.3359107400117796e-08,3.164372107444019e-08,3.014629353171839e-08,2.7067432842028556e-08,2.5161359131702047e-08,2.2160456266630223e-08,1.9801311706515644e-08,1.7485258428406944e-08,1.5048263536689573e-08,1.2762975974638453e-08,1.0114878969641328e-08,7.150847380258e-09,5.491720494696208e-09,3.6685282333115267e-09,2.686152276881921e-09,1.7983227152133024e-09,9.307342242968656e-09,1.9437127052074766e-08,1.7140627401763038e-08,1.2554485804648428e-08,8.667587157829055e-09,6.369538572985575e-09,4.084593464722133e-09,506.15,1867944.549,0.0001100488272880453,4.326173485891169e-05,5.12,,
181,8.28546246461171e-05,9.0645801676349e-07,3.47995682374021e-05,4.955399360753e-08,2.196770906208e-08,5.597455502556e-08,2.3764771720924e-07,8.800894397699166e-06,1.4137094726845597e-08,3.213240235257882e-08,3.470832505399482e-08,3.475305236516232e-08,3.464065936060291e-08,3.349987717300974e-08,3.2753896838238327e-08,3.106963154675242e-08,2.9599370767026845e-08,2.6576367657265814e-08,2.470487448674135e-08,2.175841486822682e-08,1.9442070590135877e-08,1.71680358195662e-08,1.4775253593074653e-08,1.2531426378055484e-08,9.931371913797924e-09,7.021114641638471e-09,5.392088115255853e-09,3.6019727344870785e-09,2.6374193264079586e-09,1.7656970250873427e-09,9.138485751669021e-09,1.9084493078886765e-08,1.6829657188550704e-08,1.2326718696949608e-08,8.510337288070535e-09,6.253980564420394e-09,4.010489590293378e-09,506.15,1867944.549,0.00011116259011943856,4.369957062231633e-05,5.12,,
183,8.22773428677558e-05,8.5132479579553e-07,3.44940220196073e-05,3.702964110415e-08,1.75099269459e-08,5.975351423099e-08,2.7185739780877e-07,8.839860767280274e-06,1.4053038844414003e-08,3.1941350549745235e-08,3.4501957412940814e-08,3.4546418785902366e-08,3.443469404404897e-08,3.330069468243901e-08,3.2559149773511975e-08,3.088489873234131e-08,2.9423379781798615e-08,2.6418350746548235e-08,2.4557985039831052e-08,2.1629044386002597e-08,1.932647255310441e-08,1.7065958665220583e-08,1.4687403366213112e-08,1.2456917426769067e-08,9.872322282590077e-09,6.979368724371919e-09,5.360028011434374e-09,3.5805562410319625e-09,2.621737843535641e-09,1.7551986005936082e-09,9.084150437462885e-09,1.8971021114703116e-08,1.672959195496926e-08,1.2253426889999306e-08,8.459736798764845e-09,6.216795848238636e-09,3.986644150476476e-09,506.15,1854155.035,0.00011042074792586298,4.3407942069095876e-05,5.12,,
186,5.58029054608318e-05,1.35779962050727e-06,3.3798536677654e-05,1.7873275375319e-07,3.169350317482e-08,9.293377622417e-08,3.8095757624048e-07,9.67230539473585e-06,1.2257339925360927e-08,2.7859881104574523e-08,3.009329332842788e-08,3.01320734220412e-08,3.0034624880545524e-08,2.904552808772476e-08,2.8398737872507182e-08,2.6938422821846398e-08,2.566365693081783e-08,2.3042610851144857e-08,2.1419962888296528e-08,1.8865282607920398e-08,1.6856933668529752e-08,1.4885268505104613e-08,1.2810645275639059e-08,1.086517108595011e-08,8.61083580641505e-09,6.087544186435113e-09,4.67512301595343e-09,3.1230323529381377e-09,2.2867318804980567e-09,1.5309191216350597e-09,7.923376650265127e-09,1.6546901855789475e-08,1.459188277175736e-08,1.068768259336172e-08,7.378750658101472e-09,5.422412960078244e-09,3.477230302630644e-09,517.15,1854155.035,7.859014357896079e-05,4.382830757989623e-05,5.12,,
187,5.7668877989359e-05,1.30288477937419e-06,3.34130106079843e-05,1.8263414589757e-07,2.727184115614e-08,8.996432377327e-08,3.4146767297589e-07,9.742293517010003e-06,1.2106365804837869e-08,2.7516729892871773e-08,2.972263309369771e-08,2.9760935531427886e-08,2.9664687267311975e-08,2.8687773217183965e-08,2.8048949541566333e-08,2.660662124674349e-08,2.5347556695519704e-08,2.275879413977106e-08,2.1156132393393954e-08,1.8632918206876355e-08,1.66493061775065e-08,1.4701926088642949e-08,1.2652856072141425e-08,1.0731344361797678e-08,8.504775815360043e-09,6.012563673918631e-09,4.617539348537117e-09,3.0845658450562485e-09,2.2585661172384506e-09,1.5120627327784066e-09,7.825784119697246e-09,1.6343093038356715e-08,1.4412153998495266e-08,1.0556042001700894e-08,7.2878663065252466e-09,5.355624894091199e-09,3.4344011251751344e-09,517.15,1854155.035,7.80383323868729e-05,4.352057241678944e-05,5.12,,
188,5.68771917470474e-05,1.31107297324092e-06,3.29299143376376e-05,2.0223257325123e-07,3.073763274801e-08,8.702294762367e-08,3.5578396475673e-07,9.75948832198213e-06,1.206927421738159e-08,2.7432423899662446e-08,2.9631568635329428e-08,2.9669753721722156e-08,2.95738003438639e-08,2.8599879371387077e-08,2.7963012929229538e-08,2.652510365221522e-08,2.5269896633769447e-08,2.268906555095728e-08,2.1091314053393633e-08,1.8575830512156287e-08,1.659829589034645e-08,1.4656882201312637e-08,1.2614090143113901e-08,1.0698465576839767e-08,8.478718810224329e-09,5.994142329731387e-09,4.603392091850834e-09,3.075115325746743e-09,2.2516463029842123e-09,1.5074300620003753e-09,7.801807415146179e-09,1.6293020929640483e-08,1.4367997917381728e-08,1.052370030961839e-08,7.265537679186881e-09,5.339216284575796e-09,3.423878777531924e-09,517.15,1854155.035,7.727319272098432e-05,4.309386780612219e-05,5.12,,
193,0.000102158425021162,2.7814977034241e-07,5.76354608866787e-05,3.312695178382e-08,1.174836877389e-08,5.34558728041e-09,9.414400733156e-08,9.10445829984397e-06,1.3482265140629007e-08,3.064403093375201e-08,3.3100637012531885e-08,3.3143292556675805e-08,3.3036105590987264e-08,3.1948164382555564e-08,3.123673782303873e-08,2.963048762342374e-08,2.8228329256295704e-08,2.5345351513397164e-08,2.3560545821604415e-08,2.0750566078911322e-08,1.8541514762667558e-08,1.6372813179476657e-08,1.409086451713351e-08,1.1950971276890812e-08,9.471351217429114e-09,6.695896930050764e-09,5.142326838446171e-09,3.4351295208804947e-09,2.5152541828928793e-09,1.6839100190113214e-09,8.715191506349436e-09,1.8200500225512905e-08,1.605010823129443e-08,1.1755745646284275e-08,8.116138851079917e-09,5.964296468477453e-09,3.824723894464038e-09,495.15,1867944.549,0.00011722900524650913,6.680617309009031e-05,5.12,,
194,0.000102751561822919,2.6885442350432e-07,5.75727750481051e-05,0.0,1.76645092794e-08,1.607494247685e-08,1.0616416562468e-07,9.196621171888684e-06,1.3283456998622766e-08,3.01921570987566e-08,3.261253830841625e-08,3.265456485814498e-08,3.254895846080112e-08,3.147705992531823e-08,3.077612399115227e-08,2.9193559397364763e-08,2.7812077118183343e-08,2.4971611478594783e-08,2.321312435417379e-08,2.0444580293533594e-08,1.8268103428481673e-08,1.613138130332864e-08,1.3883082029198972e-08,1.1774743442031767e-08,9.331687613562488e-09,6.597159899303823e-09,5.066498597888916e-09,3.3844754423207266e-09,2.478164494657374e-09,1.659079249204215e-09,8.586678158441408e-09,1.793211745780466e-08,1.581343493024452e-08,1.1582396589174227e-08,7.99645907409753e-09,5.876347545436389e-09,3.768324895986117e-09,495.15,1867944.549,0.00011716447055311063,6.676939621999378e-05,5.12,,
195,0.000102646958936733,2.6099075949854e-07,5.78167379294251e-05,0.0,1.187158425629e-08,1.080330231712e-08,8.32399560888e-08,9.116637905279745e-06,1.3455992036575993e-08,3.058431442432808e-08,3.303613327585409e-08,3.3078705696462164e-08,3.2971727607714794e-08,3.1885906487582395e-08,3.117586629629295e-08,2.9572746221934323e-08,2.8173320263069597e-08,2.529596062465362e-08,2.3514633012038652e-08,2.071012912146659e-08,1.8505382618582062e-08,1.6340907218585214e-08,1.4063405425816578e-08,1.1927682229492823e-08,9.452894244994393e-09,6.682848529434361e-09,5.132305904523579e-09,3.4284354294651214e-09,2.510352667147741e-09,1.6806285568323826e-09,8.698208074344507e-09,1.8165032621868112e-08,1.6018831130657074e-08,1.1732837038171026e-08,8.10032280249172e-09,5.952673749291556e-09,3.817270594309713e-09,495.15,1867944.549,0.00011745221592489477,6.693337583470485e-05,5.12,,
196,0.000102587881598204,2.7846037100714e-07,5.75001671447315e-05,0.0,1.17614877894e-08,1.070311304245e-08,5.890570927259e-08,9.122844831709742e-06,1.344260283240147e-08,3.055388191297909e-08,3.300326111508253e-08,3.3045791174575184e-08,3.293891953293841e-08,3.1854178844530024e-08,3.114484516919775e-08,2.9543320257940695e-08,2.8145286779083346e-08,2.527079021873531e-08,2.3491235092239695e-08,2.0689521785602066e-08,1.8486969086117537e-08,1.6324647418300566e-08,1.404941182310609e-08,1.1915813749468058e-08,9.4434882695195e-09,6.676198850749595e-09,5.127199072455383e-09,3.4250240108317343e-09,2.5078547744379995e-09,1.6789562699561866e-09,8.689553039208983e-09,1.8146957750097233e-08,1.6002891807858533e-08,1.1721162436237294e-08,8.09226268506691e-09,5.946750621216201e-09,3.8134722704672425e-09,495.15,1874839.306,0.00011690760088880154,6.662301197644124e-05,5.12,,
198,0.000110307506083904,3.1698158387114e-07,5.97523414032276e-05,0.0,2.58537130835e-08,1.764542156494e-08,9.063920599576e-08,9.557118785786095e-06,1.2505813472259398e-08,2.8424640140089276e-08,3.070332677587267e-08,3.0742892996612095e-08,3.0643469035906943e-08,2.963432185777953e-08,2.8974420293782128e-08,2.7484502599934776e-08,2.6183895408563895e-08,2.350971703265321e-08,2.1854175709813915e-08,1.924770846143967e-08,1.7198647459936128e-08,1.5187013866212443e-08,1.3070335101415223e-08,1.1085423409359935e-08,8.785389578082381e-09,6.210947282466993e-09,4.769894345216898e-09,3.1863406180705796e-09,2.3330871569783597e-09,1.5619530087984816e-09,8.083994656430599e-09,1.6882330865617463e-08,1.488768079076502e-08,1.090433697500313e-08,7.528328328204629e-09,5.532332909197971e-09,3.5477186591532397e-09,495.15,2378156.567,0.00011985512243020894,6.93094601890137e-05,5.12,,
199,0.000111449731239124,2.9189241630129e-07,6.05311346847846e-05,0.0,1.917817170026e-08,1.163493050828e-08,1.1526131660728e-07,9.554120267898935e-06,1.2512281692668475e-08,2.8439341849648807e-08,3.0719207061095125e-08,3.075879374615996e-08,3.065931836168353e-08,2.964964923539274e-08,2.898940635903099e-08,2.7498718054294828e-08,2.6197438166661677e-08,2.3521876660002485e-08,2.186547906290353e-08,1.925766370513289e-08,1.720754289426798e-08,1.5194868849277742e-08,1.3077095302056628e-08,1.1091156979758912e-08,8.789933531684176e-09,6.214159690525154e-09,4.772361416073289e-09,3.1879886478818186e-09,2.3342938695203625e-09,1.5627608775830226e-09,8.088175836594494e-09,1.6891062695601977e-08,1.4895380953649127e-08,1.0909976884404117e-08,7.532222108249147e-09,5.535194326307099e-09,3.549553599862031e-09,495.15,2378156.567,0.00012119668498352838,7.008525495268353e-05,5.12,,
204,7.29850742149653e-05,1.36524459364991e-06,3.68946637310745e-05,1.4153544282372e-07,2.509754878324e-08,1.0277599053489e-07,3.7709232162271e-07,9.971949439711275e-06,1.1610966016614935e-08,2.6390728714543843e-08,2.850636502635072e-08,2.854310010523466e-08,2.8450790378118913e-08,2.7513852239948893e-08,2.6901169614313932e-08,2.551786226296181e-08,2.4310319392322463e-08,2.1827490561239973e-08,2.0290410699843648e-08,1.7870447959201114e-08,1.5968006530084686e-08,1.4100314408623133e-08,1.2135093572676121e-08,1.0292211280088097e-08,8.156755261072048e-09,5.766525943128611e-09,4.4285868542665225e-09,2.958343550848856e-09,2.166144229926876e-09,1.4501882140604218e-09,7.50554831499133e-09,1.5674323817219004e-08,1.3822399967121314e-08,1.012408239826439e-08,6.989642423069908e-09,5.136469494270551e-09,3.293863360373375e-09,517.15,2378156.567,9.183029360574384e-05,4.7149684056433214e-05,5.12,,
205,7.40075446136678e-05,1.38462952443844e-06,3.72312896132263e-05,1.5550717672352e-07,2.969622322447e-08,1.0809585991045e-07,3.9094542003315e-07,1.0024159048360036e-05,1.1498342624352405e-08,2.613474541497524e-08,2.8229860597197503e-08,2.8266239355238455e-08,2.8174825008799193e-08,2.7246974930253998e-08,2.664023516894063e-08,2.5270345544091886e-08,2.4074515529574865e-08,2.1615769501332688e-08,2.0093598920346036e-08,1.769710919759108e-08,1.581312096237956e-08,1.3963544975451514e-08,1.2017386277553364e-08,1.0192379470522252e-08,8.077636827167185e-09,5.710592120537477e-09,4.3856306976691276e-09,2.9296483771916593e-09,2.145133186491285e-09,1.4361217603430558e-09,7.43274642143527e-09,1.5522286896501945e-08,1.368832623274994e-08,1.002588139572883e-08,6.921844684340696e-09,5.0866470576300566e-09,3.2619137306213233e-09,517.15,2378156.567,9.264202617411355e-05,4.7566463015033376e-05,5.12,,
206,7.35277256313761e-05,1.37771287699918e-06,3.69449918341477e-05,1.4282803465181e-07,2.532675558696e-08,9.987332463643e-08,3.5516709099941e-07,9.972507534269014e-06,1.160976212897964e-08,2.638799238132744e-08,2.850340933254081e-08,2.8540140602533467e-08,2.844784044658854e-08,2.751099945522249e-08,2.6898380355829564e-08,2.551521643325104e-08,2.4307798767175118e-08,2.1825227369188718e-08,2.0288306880529938e-08,1.7868595054687874e-08,1.5966350880968642e-08,1.4098852411908475e-08,1.2133835340666454e-08,1.029114412806283e-08,8.15590952465452e-09,5.765928038589782e-09,4.428127674474931e-09,2.9580368138196784e-09,2.1659196323997677e-09,1.4500378507179353e-09,7.50477009922534e-09,1.5672698618711997e-08,1.3820966786076199e-08,1.012303267874919e-08,6.988917699211771e-09,5.135936917385531e-09,3.293521834839132e-09,517.15,2378156.567,9.193443624723479e-05,4.7203155437720334e-05,5.12,,
212,8.06489895817018e-05,7.2743728150545e-07,3.80602944375251e-05,5.001665200378e-08,1.773824758796e-08,5.246164734023e-08,2.3986650329911e-07,9.437303555788378e-06,1.276427159895862e-08,2.901209326810876e-08,3.133787360799429e-08,3.137825754533532e-08,3.127677878582081e-08,3.024677552425659e-08,2.9573235749325124e-08,2.8052525869352335e-08,2.6725038979271822e-08,2.399559325629646e-08,2.230583679743876e-08,1.9645501590469737e-08,1.7554092566655148e-08,1.5500884464292554e-08,1.3340460218276774e-08,1.1314526280149292e-08,8.966957561461538e-09,6.339309168178375e-09,4.868473934601675e-09,3.252192841838265e-09,2.3813051587385995e-09,1.5942339515409717e-09,8.251066884061552e-09,1.7231238645149186e-08,1.5195365060693754e-08,1.1129697325507956e-08,7.683916578517219e-09,5.646669845628339e-09,3.621039496756853e-09,506.15,2378156.567,9.854919222739216e-05,4.759763129732104e-05,5.12,,
213,7.97079651612433e-05,7.3303600345723e-07,3.75864520733142e-05,6.23591289183e-08,2.21154680253e-08,5.63510504623e-08,1.8608036274528e-07,9.368606217198753e-06,1.2912461319425996e-08,2.9348915777583194e-08,3.170169779443589e-08,3.174255057830212e-08,3.1639893677999145e-08,3.059793235880286e-08,2.991657297033552e-08,2.8378208062398308e-08,2.703530941069551e-08,2.427417556548123e-08,2.2564801493871034e-08,1.987358051895091e-08,1.775789080538295e-08,1.568084551557166e-08,1.3495339331849843e-08,1.1445884851899904e-08,9.071061499095098e-09,6.412906822874572e-09,4.924995592408628e-09,3.28994991590251e-09,2.408951463745913e-09,1.6127425739724886e-09,8.346859525704062e-09,1.743128863768771e-08,1.5371779114820252e-08,1.1258910083381905e-08,7.773124759417883e-09,5.712226146237259e-09,3.6630787801319817e-09,506.15,2378156.567,9.7476992502085e-05,4.707977654834955e-05,5.12,,
214,7.97686841719078e-05,6.7730458919813e-07,3.79669098145617e-05,6.273968281026e-08,1.780034420847e-08,4.859566230121e-08,1.8721593996531e-07,9.285940561096898e-06,1.3090782644843929e-08,2.9754224837689682e-08,3.213949881694101e-08,3.218091577849466e-08,3.207684118453341e-08,3.102049036058842e-08,3.032972138658725e-08,2.8770111631322042e-08,2.7408667524841133e-08,2.4609402371059503e-08,2.2876421812464058e-08,2.0148035026985547e-08,1.800312760003486e-08,1.5897398277035027e-08,1.3681710213209216e-08,1.1603952729656194e-08,9.196333023202799e-09,6.501469182609683e-09,4.993009871018279e-09,3.3353841840137137e-09,2.4422191272266457e-09,1.6350145782197384e-09,8.462129807401758e-09,1.767201505046996e-08,1.5584063663674047e-08,1.1414395836187957e-08,7.880471753569417e-09,5.791112093097876e-09,3.713665964637289e-09,506.15,2378156.567,9.80951362037396e-05,4.7378329741279115e-05,5.12,,
216,0.000113251588981526,1.490644217504e-07,5.9017882572782e-05,0.0,6.29611807924e-09,1.145910529984e-08,7.567967068714e-08,9.283050068461888e-06,1.3097017839749422e-08,2.9768396900289614e-08,3.215480699558283e-08,3.21962436842097e-08,3.209211951908103e-08,3.103526555078977e-08,3.034416756061712e-08,2.8783814956657194e-08,2.7421722388614656e-08,2.462112393305119e-08,2.288731794851725e-08,2.015763162092223e-08,1.8011702565530822e-08,1.5904970274786176e-08,1.3688226869404208e-08,1.1609479741211307e-08,9.200713275352051e-09,6.504565859762258e-09,4.995388062647877e-09,3.3369728415475107e-09,2.443382366482335e-09,1.6357933425491986e-09,8.466160355467234e-09,1.7680432305664087e-08,1.5591486418829248e-08,1.1419832560996395e-08,7.884225255454203e-09,5.793870424177052e-09,3.715434799376328e-09,484.15,2371261.81,0.00012459711922257813,6.830093264124389e-05,5.12,,
217,0.00011278038716882,1.5105821572558e-07,5.84209365129619e-05,0.0,1.914099324064e-08,1.161237524071e-08,6.390992949255e-08,9.318243732240934e-06,1.3021100208808954e-08,2.9595842644258393e-08,3.1968419773673134e-08,3.200961627210761e-08,3.190609566880019e-08,3.085536781643124e-08,3.0168275816233057e-08,2.86169678875247e-08,2.7262770768824337e-08,2.4478406146226778e-08,2.275465026962326e-08,2.004078672869138e-08,1.7907296676746785e-08,1.58127761831071e-08,1.360888226069894e-08,1.1542184711977312e-08,9.14738080200783e-09,6.466861762813511e-09,4.966432003185735e-09,3.317629883040262e-09,2.429219157497304e-09,1.6263113706381866e-09,8.417085761142525e-09,1.7577946644342347e-08,1.5501109454680542e-08,1.135363683274928e-08,7.838523882017994e-09,5.76028591494285e-09,3.6938980639657403e-09,484.15,2357472.296,0.00012357234946385847,6.773918024520283e-05,5.12,,
218,0.000113311184961459,1.3997869680178e-07,5.8775868404082e-05,0.0,0.0,0.0,0.0,9.188474674102759e-06,1.330103012815688e-08,3.023209931317155e-08,3.265568252608409e-08,3.269776467414105e-08,3.25920185665621e-08,3.151870198065654e-08,3.081683875490018e-08,2.9232180533482037e-08,2.7848870645189246e-08,2.500464725860555e-08,2.3243833772754334e-08,2.0471627112581237e-08,1.829227091349138e-08,1.615272204717544e-08,1.3901448422740737e-08,1.1790320643942325e-08,9.344032815208567e-09,6.605887502779316e-09,5.073201238335174e-09,3.3889528780785343e-09,2.4814429413505774e-09,1.661274100631569e-09,8.598037762162162e-09,1.795584045573657e-08,1.5834355052200522e-08,1.1597719329000021e-08,8.007037857251489e-09,5.884121562141087e-09,3.773310139024179e-09,484.15,2336788.025,0.0001239830999362261,6.796434307818476e-05,5.12,,
222,7.63491656382327e-05,9.1230859043947e-07,2.46151858526862e-05,6.472986594075e-08,1.147812120957e-08,8.008021642264e-08,2.7593524210131e-07,8.883435577024378e-06,1.3959041915159264e-08,3.1727703601126815e-08,3.427118326608194e-08,3.431534724909282e-08,3.4204369803448604e-08,3.3077955453091253e-08,3.2341370535032765e-08,3.0678318100684e-08,2.9226574850252838e-08,2.624164563147362e-08,2.4393723401619932e-08,2.1484373629911518e-08,1.919720306958342e-08,1.6951809140190508e-08,1.4589163346354452e-08,1.237359651667555e-08,9.806289021780764e-09,6.932685637852999e-09,5.324176251585686e-09,3.5566068806546745e-09,2.6042017569047234e-09,1.7434585577093184e-09,9.02338904233239e-09,1.8844129148534693e-08,1.661769229477036e-08,1.2171467072392652e-08,8.403151935505657e-09,6.175213402903667e-09,3.95997857925555e-09,506.15,2102366.287,0.00010451436019505637,3.362808116159208e-05,5.12,,
223,7.75225330094597e-05,1.00084084298019e-06,2.46034628698734e-05,5.525720103458e-08,1.56774333939e-08,7.133338266169e-08,2.3555446815345e-07,8.946154244868973e-06,1.382374901958586e-08,3.1420194467177616e-08,3.39390223880664e-08,3.3982758327865e-08,3.3872856490421974e-08,3.2757359498147037e-08,3.202791365933235e-08,3.038097975093264e-08,2.8943306989663533e-08,2.5987308102890255e-08,2.415729618169463e-08,2.1276144215913196e-08,1.9011141217632532e-08,1.6787509945609437e-08,1.444776322984802e-08,1.225366996931129e-08,9.711245160987881e-09,6.865493124230219e-09,5.2725736254170575e-09,3.5221357725209913e-09,2.5789614862263782e-09,1.7265607248911098e-09,8.935933152534057e-09,1.866148933610632e-08,1.6456631405207027e-08,1.2053499590554801e-08,8.321707466450573e-09,6.115362411185156e-09,3.921597938832491e-09,506.15,2102366.287,0.00010461397106353527,3.366013151681153e-05,5.12,,
224,7.71031395016345e-05,9.3545077849725e-07,2.4296435128384e-05,5.415758107904e-08,1.152408899987e-08,5.942676927875e-08,2.3856249142177e-07,8.937653860845028e-06,1.3842085530988414e-08,3.1461871783027435e-08,3.398404080312361e-08,3.4027834756458025e-08,3.391778713972656e-08,3.2800810496505325e-08,3.2070397084283305e-08,3.0421278600458514e-08,2.898169883820561e-08,2.6021778966812566e-08,2.418933962636821e-08,2.1304365956662738e-08,1.9036358545234388e-08,1.6809777737588447e-08,1.446692746487791e-08,1.2269923849412635e-08,9.724126641791329e-09,6.874599857344242e-09,5.2795674305177064e-09,3.5268077093930137e-09,2.5823823495993996e-09,1.7288509213041318e-09,8.947786220751063e-09,1.868624286798218e-08,1.6478460303357718e-08,1.206948795466426e-08,8.332745795027798e-09,6.1234741334411505e-09,3.926799742281017e-09,506.15,2095471.53,0.00010362649062555768,3.334240415138711e-05,5.12,,
230,7.42870682748002e-06,3.70112560290354e-06,2.28099160349152e-06,1.47565122094823e-06,1.152408899987e-08,2.7191110836302e-07,6.7735926847586e-07,2.0793292762726356e-05,2.3067472329810296e-08,6.471728297637014e-08,7.823775200355038e-08,8.082489917439286e-08,8.0422550137939e-08,7.880219925803792e-08,6.965393768539589e-08,6.066301984448644e-08,5.405568081029249e-08,4.783213170929234e-08,4.2199911271951815e-08,3.818010545774381e-08,3.4285610960990816e-08,3.1205728145417817e-08,2.889450227651576e-08,2.4929207329858506e-08,2.197481767147527e-08,1.8987097308588103e-08,1.6334729339936527e-08,1.3046720372873659e-08,1.0138773542287246e-08,7.811420646512645e-09,5.536831873157598e-09,1.4158194905158e-08,1.4773527940707717e-08,1.1078901586603598e-08,8.25639197124082e-09,1.201935706556217e-09,9.083839358007277e-10,527.15,2150629.586,5.849412322868101e-05,2.6025586808114337e-05,5.12,,
231,8.1990209211153e-06,3.89556918836077e-06,2.73330991794062e-06,1.48257705450821e-06,1.152408899987e-08,2.8482704969702e-07,7.318313515224e-07,2.0955082371988552e-05,2.2775738864760342e-08,6.389880590435406e-08,7.72482820623545e-08,7.980270967910139e-08,7.940544913595472e-08,7.780559077339718e-08,6.877302692478888e-08,5.989581688758701e-08,5.337204062453874e-08,4.72272005176661e-08,4.166621056282568e-08,3.769724308331859e-08,3.385200211369294e-08,3.081107046159761e-08,2.8529074580342557e-08,2.4613928571470668e-08,2.169690296927117e-08,1.874696819474858e-08,1.6128144625197993e-08,1.2881718985313847e-08,1.0010548850194482e-08,7.712629899976236e-09,5.466807766282747e-09,1.3979136740506098e-08,1.4586687682029475e-08,1.0938787130082479e-08,8.151973688901841e-09,1.1867348703558947e-09,8.96895637932721e-10,527.15,2150629.586,5.9905501421977435e-05,2.6653546398945594e-05,5.12,,
232,8.85051378734359e-06,4.01129710513294e-06,3.11315682768017e-06,1.49781220893852e-06,1.152408899987e-08,2.9501827617568e-07,7.7113336345088e-07,2.1052401864030843e-05,2.2600255700174735e-08,6.34064765560102e-08,7.665309728808236e-08,7.91878434778269e-08,7.87936437590816e-08,7.720611203101953e-08,6.824314253883968e-08,5.9434329883574316e-08,5.296081819857051e-08,4.68633230316021e-08,4.1345179551306314e-08,3.7406792286016515e-08,3.3591178239054095e-08,3.0573676444175107e-08,2.8309262950090532e-08,2.4424282470228757e-08,2.1529732050366513e-08,1.860252601771386e-08,1.6003880034945638e-08,1.2782467548235644e-08,9.933419286938515e-09,7.653205408408172e-09,5.424686949359755e-09,1.3871429887702544e-08,1.4474299753345196e-08,1.0854505649963947e-08,8.089164128736024e-09,1.1775912815656159e-09,8.899852107548356e-10,527.15,2150629.586,6.104644646681556e-05,2.7161183109588056e-05,5.12,,
235,1.28338285433837e-05,4.34267934394848e-06,8.09810094676892e-06,1.48830067541849e-06,1.152408899987e-08,2.9251214579271e-07,8.1741071067468e-07,2.187574677316306e-05,2.1115628446497916e-08,5.924125894062078e-08,7.161769951106749e-08,7.398593637789232e-08,7.361763192571413e-08,7.21343863128547e-08,6.376020081314363e-08,5.5530045475478404e-08,4.948178348685205e-08,4.378483721738898e-08,3.862918460043696e-08,3.49495128624028e-08,3.138454928058484e-08,2.8565269375852938e-08,2.644960685306315e-08,2.2819833569833254e-08,2.0115428274764262e-08,1.7380512537887764e-08,1.495257350197261e-08,1.1942777947236862e-08,9.280885740803732e-09,7.150460772327716e-09,5.068335313585023e-09,1.2960205557679093e-08,1.3523472462858487e-08,1.0141465269938474e-08,7.557781046867018e-09,1.1002344527979215e-09,8.315214342035941e-10,526.15,2143734.829,5.719156928982827e-05,3.2950449070768955e-05,5.12,,
243,1.47371389398171e-05,1.7266983733887e-06,2.23902596671306e-05,6.6305100530846e-07,1.152408899987e-08,1.19664745256e-07,4.0599983697177e-07,1.9826347675739242e-05,2.481103449073142e-08,6.960895919220769e-08,8.415137712894543e-08,8.693407463349248e-08,8.650131391840241e-08,8.47584883069305e-08,7.491875250216576e-08,6.524825330465047e-08,5.814149646864084e-08,5.144753844879632e-08,4.5389604855887245e-08,4.106596075321423e-08,3.687709966339161e-08,3.356442293522487e-08,3.107850233112411e-08,2.6813489317093312e-08,2.3635791185925357e-08,2.0422243038456362e-08,1.756939500155718e-08,1.4032860841192944e-08,1.0905115933587544e-08,8.401849336209029e-09,5.955335054060689e-09,1.5228346526047916e-08,1.5890189702882716e-08,1.1916303852217583e-08,8.880453958656103e-09,1.2927843954740396e-09,9.770444216747678e-10,526.15,2136840.072,6.016636707686236e-05,4.354270935348676e-05,5.12,,
244,1.49045100974479e-05,1.68625458028209e-06,2.22565157182952e-05,5.8737014417771e-07,1.152408899987e-08,1.0732666374226e-07,3.8969774604691e-07,1.9835978653309706e-05,2.4793668242853928e-08,6.956023706253278e-08,8.409247617199422e-08,8.687322595385965e-08,8.64407681455207e-08,8.469916240827803e-08,7.48663138331086e-08,6.520258340963318e-08,5.810080088055402e-08,5.141152823303033e-08,4.535783483318693e-08,4.103721702412731e-08,3.6851287887828727e-08,3.354092983626618e-08,3.105674922867507e-08,2.679472146998419e-08,2.36192475384338e-08,2.0407948683460697e-08,1.7557097470441802e-08,1.4023038673564684e-08,1.0897483001292592e-08,8.395968541586922e-09,5.951166673867554e-09,1.521768758957211e-08,1.587906751556305e-08,1.1907963148545658e-08,8.874238169275442e-09,1.2918795233183726e-09,9.763605487141114e-10,526.15,2136840.072,5.978572214738532e-05,4.3267234659960325e-05,5.12,,
245,1.51201406644226e-05,1.66692983635591e-06,2.25604412690684e-05,6.0718790702082e-07,1.152408899987e-08,1.1729989941756e-07,4.1012831253326e-07,1.98403001189732e-05,2.4785875924435858e-08,6.953837521009859e-08,8.406604703111528e-08,8.684592286050506e-08,8.641360096787296e-08,8.46725425940269e-08,7.48427843516918e-08,6.518209110947686e-08,5.808254057569023e-08,5.139537027711887e-08,4.5343579472168445e-08,4.102431957551618e-08,3.683970602077601e-08,3.353038837048701e-08,3.104698850764542e-08,2.6786300247292475e-08,2.361182432474021e-08,2.040153473805966e-08,1.755157950945891e-08,1.4018631420008533e-08,1.0894058068093123e-08,8.393329800934943e-09,5.949296301753692e-09,1.5212904873835046e-08,1.587407693695841e-08,1.1904220634946814e-08,8.871449114874317e-09,1.2914735028576294e-09,9.760536916483516e-10,526.15,2136840.072,6.026641866443205e-05,4.361511720208324e-05,5.12,,
247,5.61280653657691e-06,2.39472009432529e-06,4.41530209953349e-06,5.8613718511897e-07,1.152408899987e-08,1.3395261638926e-07,2.9066113155235e-07,1.932431495440658e-05,2.5716282646226268e-08,7.214869133994227e-08,8.722169968872369e-08,9.01059258814128e-08,8.965737558530979e-08,8.785096174777165e-08,7.765221621726783e-08,6.762888201142045e-08,6.026283012184296e-08,5.3324638305431524e-08,4.704567671737215e-08,4.256428139918964e-08,3.82225867474854e-08,3.478904466406539e-08,3.2212423487104206e-08,2.7791798454334123e-08,2.4498159757566862e-08,2.1167363031277956e-08,1.82104268144089e-08,1.4544859701923692e-08,1.1302996807439271e-08,8.708396756357514e-09,6.172619668898339e-09,1.578396352819633e-08,1.6469954521813237e-08,1.2351078633033992e-08,9.204463607227325e-09,1.33995254922001e-09,1.0126925789850976e-09,526.15,2095471.53,6.155301600868067e-05,2.491189142417801e-05,5.12,,
248,5.69289319127585e-06,2.65035241329742e-06,3.78651729873643e-06,6.0888251941425e-07,1.152408899987e-08,1.4180898764869e-07,2.988049501868e-07,1.9516287963592513e-05,2.5370123511401258e-08,7.117751953737008e-08,8.604763466083576e-08,8.889303715348877e-08,8.845052465781595e-08,8.666842641284381e-08,7.660696312401182e-08,6.671855000082981e-08,5.945165031704544e-08,5.260685141085586e-08,4.641240903347802e-08,4.1991336427854364e-08,3.770808402011609e-08,3.432075981248056e-08,3.177882175709098e-08,2.7417701426372148e-08,2.416839740804125e-08,2.0882435533231914e-08,1.7965301744133822e-08,1.4349075726462218e-08,1.1150850571934771e-08,8.591175650633822e-09,6.0895318947599075e-09,1.5571500349353814e-08,1.6248257424829633e-08,1.2184824483762765e-08,9.080565095041946e-09,1.3219158515555194e-09,9.990610292075627e-10,527.15,2088576.773,6.115107665963126e-05,2.4520570301157443e-05,5.12,,
249,5.33454932381575e-06,2.658466617687e-06,3.20413473441501e-06,6.9284533016386e-07,1.152408899987e-08,1.656704922671e-07,3.4122015082614e-07,1.960889516394968e-05,2.5203137389288876e-08,7.070902919029778e-08,8.548126923409675e-08,8.830794329100197e-08,8.786834341203775e-08,8.609797493554774e-08,7.610273618585221e-08,6.627940858582675e-08,5.9060339626927465e-08,5.226059317881795e-08,4.6106922613638106e-08,4.171494950253047e-08,3.745988945693325e-08,3.409486061311478e-08,3.1569653590915816e-08,2.7237238148912443e-08,2.400932104568038e-08,2.0744987367936657e-08,1.784705414989237e-08,1.4254630127473233e-08,1.1077455687025158e-08,8.534628542944694e-09,6.049450603230971e-09,1.5469008752982922e-08,1.614131141421062e-08,1.2104623983822388e-08,9.020796826624621e-09,1.3132150030274885e-09,9.924852107277669e-10,527.15,2095471.53,6.03484257411315e-05,2.419872055869241e-05,5.12,,
259,7.77168250092569e-06,5.46757685069361e-06,5.07842666215834e-06,1.69200936640494e-06,1.152408899987e-08,3.4567605787939e-07,7.6571244865048e-07,2.2314808171893272e-05,2.0323928016505142e-08,5.702009226800954e-08,6.893249581743036e-08,7.121193901417614e-08,7.085744361314206e-08,6.942981018310074e-08,6.13696028478454e-08,5.344802546874041e-08,4.7626534453530124e-08,4.2143187074699543e-08,3.718083831342373e-08,3.363913062910529e-08,3.020783028197557e-08,2.7494255263958346e-08,2.5457916495763697e-08,2.19642363947183e-08,1.9361228926401463e-08,1.672885496186034e-08,1.4391948043866785e-08,1.1495000488938964e-08,8.932912141517996e-09,6.882364424523432e-09,4.878305295900263e-09,1.2474281099460514e-08,1.3016429113854294e-08,9.76122546626364e-09,7.274412805199164e-09,1.0589827282006625e-09,8.003447217190373e-10,536.15,2123050.558,5.341958848995729e-05,3.077725356686149e-05,5.12,,
260,7.29728787203993e-06,5.13541325167259e-06,5.49441424130232e-06,1.82830789346366e-06,1.152408899987e-08,3.5444578571395e-07,8.0902355433433e-07,2.2056778733950778e-05,2.0789197834258785e-08,5.832543678193854e-08,7.05105475474027e-08,7.28421733793098e-08,7.247956261738192e-08,7.101924678730085e-08,6.277451945202949e-08,5.46715956884803e-08,4.871683495978246e-08,4.310795889212969e-08,3.8032008513001576e-08,3.440922153694969e-08,3.0899369421388673e-08,2.8123673313734223e-08,2.604071722989109e-08,2.2467057318713372e-08,1.980445995176023e-08,1.7111823809861126e-08,1.4721418756322165e-08,1.1758152217198546e-08,9.137410720764986e-09,7.039920406758348e-09,4.989982930958157e-09,1.2759851216075786e-08,1.3314410468476687e-08,9.984686383368466e-09,7.440943837851472e-09,1.0832257141310418e-09,8.18666782420684e-10,535.15,2102366.287,5.4166896280309156e-05,3.120780876218042e-05,5.12,,
261,7.17307511286942e-06,4.96908837861532e-06,5.95239885844639e-06,1.90482414110457e-06,1.152408899987e-08,3.5321845435932e-07,8.2722338061977e-07,2.1892028623630006e-05,2.108626957310791e-08,5.9158890725764695e-08,7.151812326697149e-08,7.388306737049984e-08,7.351527500366203e-08,7.203409167468228e-08,6.36715495249408e-08,5.545283727972962e-08,4.9412984709672243e-08,4.3723959394333686e-08,3.8575475124409905e-08,3.490091955030841e-08,3.1340912643812896e-08,2.8525552626286053e-08,2.64128316909702e-08,2.2788105193561844e-08,2.0087460065653134e-08,1.735634691722693e-08,1.4931783653666106e-08,1.192617287642089e-08,9.267981727546358e-09,7.1405188720415415e-09,5.0612883713097e-09,1.2942185869795286e-08,1.3504669616576348e-08,1.0127364718983826e-08,7.547272814188717e-09,1.0987047022588427e-09,8.303652984736197e-10,535.15,2095471.53,5.494147480328597e-05,3.165407576428554e-05,5.12,,
263,3.60960982308616e-06,3.1297862424576e-06,2.84435451935751e-06,1.5662332055335e-06,1.152408899987e-08,2.313269183877e-07,5.2188695302261e-07,2.0111701339688894e-05,2.4296494567380586e-08,6.816538421589342e-08,8.240621639596713e-08,8.513120534502316e-08,8.470741937321734e-08,8.300073708970204e-08,7.336506117243079e-08,6.389511217437262e-08,5.693573775077469e-08,5.038060137690914e-08,4.444829933264525e-08,4.021432047573282e-08,3.6112329454342446e-08,3.2868352176431755e-08,3.043398546451425e-08,2.6257421784192195e-08,2.314562386985937e-08,1.999871940942006e-08,1.72050347343221e-08,1.3741842458049037e-08,1.0678961819832383e-08,8.227608841921165e-09,5.831831229849342e-09,1.4912535742051793e-08,1.5560653383274363e-08,1.1669179369236603e-08,8.696287994076331e-09,1.2659741798820673e-09,9.567821322475898e-10,535.15,2074787.259,5.5073945566131205e-05,2.6088522270113406e-05,5.12,,
264,3.67395426050242e-06,3.4546864273021e-06,2.66554770573194e-06,1.83048403875461e-06,1.152408899987e-08,2.6296509057935e-07,5.9096288975355e-07,2.025657489771547e-05,2.4035263544758395e-08,6.743248371550358e-08,8.152020133236016e-08,8.421589174833677e-08,8.379666223806004e-08,8.210832985917716e-08,7.257625479126072e-08,6.320812478005607e-08,5.6323576150460864e-08,4.9838919284395254e-08,4.3970400158495546e-08,3.978194419063546e-08,3.5724056951637765e-08,3.2514958264929675e-08,3.010676537425325e-08,2.5975107266553272e-08,2.2896766777492245e-08,1.9783697200847185e-08,1.7020049661457662e-08,1.3594092931956959e-08,1.0564143770298461e-08,8.139147246543698e-09,5.769128553473183e-09,1.475219915724189e-08,1.53933483679476e-08,1.1543714699782596e-08,8.602787254724426e-09,1.2523626801364256e-09,9.464950032076156e-10,535.15,2081682.016,5.611799986156024e-05,2.658309068095663e-05,5.12,,
265,3.67832886618597e-06,3.63539746206283e-06,2.46518899225266e-06,1.87740427866991e-06,1.152408899987e-08,2.6431006921897e-07,5.9797025820563e-07,2.0386091098484494e-05,2.3801724381132505e-08,6.67772745134572e-08,8.072810851414244e-08,8.339760619526639e-08,8.29824501376903e-08,8.131052247727255e-08,7.18710660251177e-08,6.259396165394738e-08,5.5776306891602816e-08,4.935465833572618e-08,4.35431608041948e-08,3.9395402060303e-08,3.5376943371365474e-08,3.219902596219533e-08,2.98142323303825e-08,2.5722719569000998e-08,2.26742898425922e-08,1.959146847453803e-08,1.6854673976876298e-08,1.3462005630826692e-08,1.0461497036429916e-08,8.060063044406861e-09,5.713072689774439e-09,1.4608859091658287e-08,1.5243778562043123e-08,1.1431549943565015e-08,8.519198084313271e-09,1.2401940707791497e-09,9.372983638192616e-10,535.15,2088576.773,5.564765128061144e-05,2.6606088648076976e-05,5.12,,
268,1.17616074321939e-05,2.93118543449335e-06,1.85662824148252e-05,1.66521115559629e-06,1.152408899987e-08,2.265354884938e-07,7.0826687043972e-07,2.0568440178716387e-05,2.3472918784362007e-08,6.585478918233097e-08,7.961290133540595e-08,8.224552161369707e-08,8.183610067148819e-08,8.018726962219566e-08,7.087821322266893e-08,6.172926611398178e-08,5.500579289104218e-08,4.8672855302146544e-08,4.294163989149798e-08,3.885117978140292e-08,3.488823352871397e-08,3.175421701569224e-08,2.940236778239132e-08,2.536737665253777e-08,2.23610590327711e-08,1.9320824869888647e-08,1.662183743753161e-08,1.3276036634450927e-08,1.031697814691186e-08,7.948718429332468e-09,5.634150245119816e-09,1.4407047048343624e-08,1.503319551239219e-08,1.1273630393661093e-08,8.40151081236338e-09,1.2230615830222116e-09,9.243501864967856e-10,536.15,2129945.315,5.867741199953129e-05,4.246514490473417e-05,5.12,,
269,1.22208210852884e-05,2.94793413105711e-06,2.09777885998505e-05,1.50708282390314e-06,1.152408899987e-08,2.0582911561716e-07,6.6669378122044e-07,2.0340577260157635e-05,2.3883793370750372e-08,6.700752436262776e-08,8.100646121638483e-08,8.368516339773613e-08,8.326857587084156e-08,8.159088335861695e-08,7.211887940523213e-08,6.280978732719948e-08,5.5968625106783835e-08,4.9524834532949896e-08,4.369329880070069e-08,3.9531238472443024e-08,3.549892402922731e-08,3.231004907485231e-08,2.991703261007679e-08,2.5811412201998843e-08,2.275247140741863e-08,1.9659020387882185e-08,1.6912789348748987e-08,1.350842299045412e-08,1.0497568561245601e-08,8.087854359847651e-09,5.732771518975019e-09,1.4659230833046597e-08,1.5296339522942964e-08,1.1470966237049123e-08,8.548572509793481e-09,1.2444702934884423e-09,9.40530193936163e-10,536.15,2129945.315,6.218426251914359e-05,4.433253150781441e-05,5.12,,
270,1.30790055039792e-05,2.90574350748316e-06,2.41771684524949e-05,1.47109887488565e-06,1.152408899987e-08,2.0611392981588e-07,6.8218647324129e-07,2.0125999177443537e-05,2.427071319755155e-08,6.809305291825974e-08,8.231877394062757e-08,8.504087136359611e-08,8.46175350773545e-08,8.291266377965897e-08,7.328721242065423e-08,6.382731212557682e-08,5.68753223971371e-08,5.032714177545489e-08,4.440113458465296e-08,4.017164846534329e-08,3.607401012731078e-08,3.283347508168125e-08,3.04016915122959e-08,2.622955964548334e-08,2.3121063705953515e-08,1.997749847239264e-08,1.718677821743334e-08,1.3727260785719277e-08,1.0667630215460248e-08,8.218878404459334e-09,5.825642987454938e-09,1.4896711829759082e-08,1.5544141743764264e-08,1.1656797030373466e-08,8.687060234232485e-09,1.2646308359509075e-09,9.557668765723778e-10,536.15,2095471.53,6.627003023878451e-05,4.7245365379709736e-05,5.12,,
271,1.25336463136372e-05,2.88148742305274e-06,2.36165415380457e-05,1.35565986225058e-06,1.152408899987e-08,1.8161072579541e-07,5.9365058873144e-07,2.0044722088835933e-05,2.4417269251409387e-08,6.850422538977326e-08,8.281584687659596e-08,8.555438138788902e-08,8.512848883166632e-08,8.341332285463062e-08,7.37297492576721e-08,6.421272638667982e-08,5.7218757826684254e-08,5.0631036730684254e-08,4.466924599195161e-08,4.041422058212142e-08,3.629183910201185e-08,3.303173643903173e-08,3.058526880985529e-08,2.638794397991891e-08,2.3260677726776025e-08,2.0098130417495936e-08,1.7290558702727485e-08,1.3810151352414096e-08,1.073204553674344e-08,8.268507205075563e-09,5.860820497092855e-09,1.498666399900342e-08,1.56380033479137e-08,1.1727185327556492e-08,8.73951609975204e-09,1.2722671712903486e-09,9.615381705882707e-10,536.15,2074787.259,6.504579816979232e-05,4.637258335138279e-05,5.12,,
272,1.14582646623553e-05,2.45668627431838e-06,2.15872728034426e-05,1.35124209238102e-06,1.152408899987e-08,1.8938808557122e-07,6.2539035871751e-07,1.999450062397485e-05,2.4507826871460647e-08,6.875829063969448e-08,8.312299039532671e-08,8.587168145464394e-08,8.544420936813502e-08,8.372268226417421e-08,7.40031946848001e-08,6.445087552689315e-08,5.743096806517252e-08,5.0818814738939374e-08,4.4834913191050134e-08,4.056410694305969e-08,3.6426436568359225e-08,3.315424298991913e-08,3.0698702016637355e-08,2.6485810345738234e-08,2.334694583456595e-08,2.0172669418534443e-08,1.735468511380784e-08,1.3861369792369257e-08,1.0771848042588075e-08,8.299173055796159e-09,5.882556832565084e-09,1.5042245833740296e-08,1.5696000839400546e-08,1.1770678561063851e-08,8.771928806113442e-09,1.2769856959507075e-09,9.65104278141919e-10,536.15,2060997.745,6.211654979223886e-05,4.428425761217949e-05,5.12,,
281,7.9044626943316e-06,2.22248794779016e-06,2.18310579821514e-06,1.87777607150848e-06,1.152408899987e-08,1.8293852287541e-07,3.3844941455572e-07,1.9801630385189658e-05,1.6785780843347058e-07,1.6015375824325054e-07,1.3207511209243563e-07,1.1541399954302459e-07,1.001476410880888e-07,8.84764193233867e-08,7.409254525479e-08,6.633340696487755e-08,5.602424214471762e-08,4.7413987362223975e-08,3.9359454191310664e-08,3.368280491357528e-08,2.8418969025701168e-08,2.330145797074191e-08,1.941950662820051e-08,1.5716320855051073e-08,1.2114922773645122e-08,8.640445002690917e-09,5.927294120560887e-09,3.593953064843109e-09,2.184169898435367e-09,1.8002420940953447e-09,2.213571722164768e-08,1.723518460070034e-08,1.1782075321288863e-08,7.015541433840691e-09,4.120207552359706e-09,2.471958673250607e-09,1.5955018520030608e-09,544.15,2143734.829,4.982069646822057e-05,2.574028832642176e-05,5.12,,
282,7.29524966405036e-06,2.6751621862805e-06,1.95086228057211e-06,2.22549337388694e-06,1.152408899987e-08,2.0879813607034e-07,4.0439032983493e-07,3.498324154635176e-05,3.077949607246675e-07,2.936683147982763e-07,2.42181488717038e-07,2.1163059251129034e-07,1.836372078430517e-07,1.6223609890328394e-07,1.3586089482234298e-07,1.216332357846794e-07,1.0272968276836028e-07,8.694136134715335e-08,7.217204710354825e-08,6.176297493827698e-08,5.211086416970671e-08,4.272706410184429e-08,3.560886643106885e-08,2.8818464898724055e-08,2.2214707877437896e-08,1.5843680166365162e-08,1.0868670799813744e-08,6.5901053562135536e-09,4.005035537988497e-09,3.3010406237168656e-09,4.058948628266995e-08,3.1603551939363736e-08,2.1604377208394848e-08,1.2864151630736426e-08,7.555079704610044e-09,4.5327436944807525e-09,2.925615641336434e-09,544.15,2143734.829,8.01014351387592e-05,4.138509057469776e-05,5.12,,
283,7.01991150881589e-06,3.22438136251516e-06,1.91124170814208e-06,2.59981546734291e-06,1.152408899987e-08,2.4443190618537e-07,4.8791694702376e-07,3.5163483577677103e-05,3.056000900934289e-07,2.91574180579969e-07,2.404545045072797e-07,2.1012146523032043e-07,1.82327700002675e-07,1.610792013115522e-07,1.3489207750552501e-07,1.207658752002898e-07,1.0199712248493694e-07,8.63213868023736e-08,7.165739180766232e-08,6.132254622082564e-08,5.1739264176434345e-08,4.2422379522423643e-08,3.5354941366937716e-08,2.8612961851842877e-08,2.2056295895035916e-08,1.573069966724971e-08,1.0791166846263147e-08,6.543111641082329e-09,3.976475827788233e-09,3.2775010664074685e-09,4.030004466488275e-08,3.137818857463801e-08,2.145031746378673e-08,1.2772418002142807e-08,7.501204805159856e-09,4.500420923534391e-09,2.904753220995492e-09,544.15,2150629.586,8.182262152399104e-05,4.227435622050501e-05,5.12,,
284,6.39958683368369e-06,3.49310330019459e-06,1.75976671898221e-06,2.77356154742043e-06,1.152408899987e-08,2.5740359845081e-07,5.3549286809369e-07,3.524812634018234e-05,3.04569365393959e-07,2.905907623173645e-07,2.396435021387311e-07,2.0941276981064474e-07,1.8171274709564923e-07,1.6053591511254634e-07,1.3443711495624942e-07,1.2035855735432982e-07,1.0165310768642057e-07,8.603024295669444e-08,7.141570652670194e-08,6.111571819598814e-08,5.1564758542281075e-08,4.2279297776699424e-08,3.523569660066794e-08,2.8516456361623067e-08,2.1981904657288316e-08,1.5677643332475664e-08,1.0754770514700736e-08,6.521043104460529e-09,3.963064012852926e-09,3.2664467460352065e-09,4.0164121107356526e-08,3.127235655744647e-08,2.137797006357937e-08,1.2729339327975081e-08,7.475904822211237e-09,4.485241952211182e-09,2.8949561005501765e-09,544.15,2150629.586,8.236584284227602e-05,4.255501615400541e-05,5.12,,
285,5.93846211894578e-06,3.84923943816958e-06,1.71467596995186e-06,3.34856815220949e-06,1.152408899987e-08,3.1240776808042e-07,6.7134011689819e-07,3.528659598287186e-05,3.041009070198905e-07,2.9014380444338904e-07,2.3927490628463796e-07,2.0909067186908786e-07,1.814332545802354e-07,1.6028899469861715e-07,1.3423033712682e-07,1.2017343376512537e-07,1.0149675496366988e-07,8.589791977414428e-08,7.130586197382256e-08,6.102171606304514e-08,5.148544674769298e-08,4.221426795642314e-08,3.518150054875258e-08,2.8472595178263142e-08,2.1948094272907196e-08,1.5653529537264324e-08,1.0738228593939006e-08,6.511013083069523e-09,3.956968421060925e-09,3.261422621794577e-09,4.010234464193458e-08,3.122425652188563e-08,2.1345088591459164e-08,1.2709760321410072e-08,7.464406127281188e-09,4.4783431981309125e-09,2.8905033663557526e-09,544.15,2150629.586,8.457889462309359e-05,4.36984082572427e-05,5.12,,
286,5.31799794582312e-06,3.95899447667637e-06,1.65288607541455e-06,3.14454708351668e-06,1.152408899987e-08,2.947521138325e-07,6.4081909644089e-07,3.537788716288058e-05,3.0298922220132245e-07,2.89083141830567e-07,2.384002022813266e-07,2.0832631069733427e-07,1.807699990948217e-07,1.5970303511126766e-07,1.3373963872858933e-07,1.1973412240883554e-07,1.011257189061561e-07,8.558390751322969e-08,7.104519308924728e-08,6.079864236025669e-08,5.129723425570308e-08,4.2059947598506394e-08,3.505288948856941e-08,2.836850949132753e-08,2.1867859842044108e-08,1.5596305797571746e-08,1.069897344727345e-08,6.48721113368082e-09,3.942503151080791e-09,3.24950002001376e-09,3.9955744724938927e-08,3.111011173919946e-08,2.1267058535019503e-08,1.266329795556114e-08,7.437118911821544e-09,4.461971967296755e-09,2.8799367135236805e-09,544.15,2143734.829,8.38462233862807e-05,4.331986740532848e-05,5.12,,
287,5.98454373365805e-06,4.8060648975398e-06,1.93731277243367e-06,3.61971292153409e-06,1.152408899987e-08,3.3866215067915e-07,7.4073514946107e-07,3.56953557580431e-05,2.991232954208754e-07,2.8539464673605835e-07,2.353583854148144e-07,2.056682152781466e-07,1.784635025946336e-07,1.5766533807415955e-07,1.3203321614625526e-07,1.1820640024436171e-07,9.983542672324963e-08,8.449191777964486e-08,7.013870700175452e-08,6.002289496565411e-08,5.064271806456206e-08,4.1523292609183946e-08,3.460563957247876e-08,2.800654750546184e-08,2.1588841517959136e-08,1.5397308038440854e-08,1.0562462162572952e-08,6.404438937792454e-09,3.892199617499543e-09,3.2080387130432846e-09,3.944593786632329e-08,3.071316886036874e-08,2.0995706007908032e-08,1.2501723288516858e-08,7.342226568913463e-09,4.40504038142498e-09,2.8431907712557866e-09,544.15,2150629.586,8.685058089978682e-05,4.487209437354495e-05,5.12,,
288,5.51827330951622e-06,5.09886456228166e-06,1.99982333875854e-06,3.85996613742766e-06,1.152408899987e-08,3.6647458082183e-07,8.0677257272985e-07,3.577402282620387e-05,2.9816533885390763e-07,2.8448065681884513e-07,2.3460463900204568e-07,2.0500955304602245e-07,1.7789196474755935e-07,1.5716040733722436e-07,1.3161037349775068e-07,1.1782783863078903e-07,9.951569902530822e-08,8.422132839816982e-08,6.991408445981434e-08,5.983066879243057e-08,5.048053235358029e-08,4.1390312291548954e-08,3.449481336739857e-08,2.7916855206294025e-08,2.1519702227165162e-08,1.534799742781691e-08,1.0528635375602888e-08,6.383928417775718e-09,3.879734663279622e-09,3.1977648166290226e-09,3.931961037596157e-08,3.0614808477701844e-08,2.0928466261768902e-08,1.2461685925643471e-08,7.318712739447392e-09,4.390933030290035e-09,2.834085317711507e-09,544.15,2150629.586,8.805385930802099e-05,4.549377843981773e-05,5.12,,
289,4.80322905095188e-06,4.94440905639778e-06,1.92595417404371e-06,3.53901609387621e-06,1.152408899987e-08,3.4350146171271e-07,7.6921155852769e-07,3.578591164788475e-05,2.980205644893738e-07,2.8434252706013005e-07,2.3449072657460274e-07,2.0491001053085395e-07,1.7780558919414664e-07,1.5708409800432348e-07,1.3154646999956933e-07,1.1777062725092935e-07,9.946737911615008e-08,8.418043468012095e-08,6.9880137632901e-08,5.980161797422565e-08,5.0456021499901225e-08,4.137021519983838e-08,3.4478064389451733e-08,2.79033001599972e-08,2.150925332245052e-08,1.5340545198181436e-08,1.0523523190190024e-08,6.380828697387475e-09,3.877850855716359e-09,3.196212139946229e-09,3.930051871484571e-08,3.0599943438526865e-08,2.091830443204261e-08,1.2455635146341492e-08,7.3151591339541056e-09,4.388801010043772e-09,2.8327092258341504e-09,544.15,2150629.586,8.66914886610779e-05,4.478989800968088e-05,5.12,,
291,6.05474694365936e-05,5.6870180676777e-07,3.12634246921285e-05,7.061315236061e-08,1.152408899987e-08,3.255603486953e-08,1.6484151966704e-07,3.7059762420242817e-06,7.4178946813230825e-09,2.0386101572872252e-08,1.7269203299099423e-08,1.631503095145198e-08,1.537108914702295e-08,1.623076764714334e-08,1.4134403003362313e-08,1.3648082926269098e-08,1.1825900120321608e-08,1.0673119333496248e-08,8.907263774787937e-09,8.108502785787451e-09,6.792785235822687e-09,5.581479499224482e-09,4.568260178015601e-09,3.314469612307781e-09,1.970020028956362e-09,1.3405068014068783e-09,7.758831081574103e-10,2.8139507037720707e-10,0.0,0.0,5.2905258964529654e-09,1.071541693769795e-08,9.200183882206561e-09,6.255984200865931e-09,4.1704105856519845e-09,2.7163859403887733e-09,1.7137213051557758e-09,505.15,2143734.829,7.351754169317389e-05,3.5110627238874e-05,5.12,,
292,5.8581648348253e-05,4.6388644653597e-07,3.02849273703379e-05,5.022521084315e-08,1.152408899987e-08,2.593496678991e-08,1.7841977465599e-07,3.684330004798953e-06,7.480460116117656e-09,2.05580459537873e-08,1.7414858536788957e-08,1.6452638325109442e-08,1.550073494506468e-08,1.636766431102427e-08,1.4253618105147684e-08,1.376319621367454e-08,1.1925644402850725e-08,1.0763140610476074e-08,8.982391132999521e-09,8.176893080354874e-09,6.8500782522381765e-09,5.628555887696972e-09,4.606790677108815e-09,3.3424251497366916e-09,1.9866359509882575e-09,1.3518131618336817e-09,7.824272107764267e-10,2.8376846683045245e-10,0.0,0.0,5.33514826805888e-09,1.0805794969270735e-08,9.277781843556645e-09,6.3087496266922995e-09,4.205585465152522e-09,2.7392970054188822e-09,1.728175503170174e-09,505.15,2116155.801,7.133797828180082e-05,3.4069707796823154e-05,5.12,,
293,5.85662554633211e-05,4.8071047133258e-07,3.01340346143213e-05,4.007600225715e-08,1.152408899987e-08,3.556812987876e-08,1.4948406846656e-07,3.687216862134043e-06,7.472116056941012e-09,2.0535114536557366e-08,1.7395433179534427e-08,1.6434286273809702e-08,1.5483444691837555e-08,1.6349407043760674e-08,1.4237718945055328e-08,1.3747844093365892e-08,1.1912341974781815e-08,1.0751134894144956e-08,8.97237174889773e-09,8.167772186895854e-09,6.842437350821142e-09,5.6222775301257845e-09,4.601652044801775e-09,3.338696850566589e-09,1.984419963244164e-09,1.3503052854673865e-09,7.81554454442352e-10,2.8345193805509044e-10,0.0,0.0,5.329197191230205e-09,1.0793741674249483e-08,9.267432966678892e-09,6.301712548838982e-09,4.200894356123271e-09,2.736241463919988e-09,1.7262478144395024e-09,505.15,2123050.558,7.098556875423186e-05,3.390140348096964e-05,5.12,,
294,9.00359805489042e-05,6.7836663715568e-07,3.292027106545e-05,2.792802747372e-08,1.152408899987e-08,3.605323167785e-08,1.6865934227367e-07,3.1800875279392837e-06,8.937902787479638e-09,2.4563437727524936e-08,2.0807852758168682e-08,1.965816001485611e-08,1.8520794165450447e-08,1.9556630233857908e-08,1.703069744589304e-08,1.644472504275244e-08,1.4249156963094746e-08,1.2860158729692814e-08,1.0732459968991307e-08,9.770024078914199e-09,8.184701549736899e-09,6.72518596145409e-09,5.504346871063308e-09,3.993640845488299e-09,2.373698773660559e-09,1.615191370551101e-09,9.348700801345933e-10,3.390560114367746e-10,0.0,0.0,6.374612769334443e-09,1.2911123577636797e-08,1.1085402624162408e-08,7.537904085930608e-09,5.0249735268262135e-09,3.2730032592132816e-09,2.064881625898609e-09,505.15,2143734.829,0.00011163837424456961,3.615621464833673e-05,5.12,,
296,6.11147725790615e-05,5.4315546144295e-07,3.1381388541665e-05,8.424545729952e-08,1.152408899987e-08,5.097904659828e-08,1.42154731579e-07,3.690708515771898e-06,7.462023918259799e-09,2.0507378989871757e-08,1.737193821201387e-08,1.6412089469726608e-08,1.5462532132409657e-08,1.6327324880959147e-08,1.4218488912625066e-08,1.3729275705495487e-08,1.1896252689456024e-08,1.0736613981527257e-08,8.960253304898835e-09,8.156740467233235e-09,6.833195681374927e-09,5.614683857315309e-09,4.595436869576319e-09,3.334187473119332e-09,1.9817397263048263e-09,1.3484815091637175e-09,7.804988557496863e-10,2.8306909653516335e-10,0.0,0.0,5.3219993644427756e-09,1.0779163215211157e-08,9.254916001202733e-09,6.293201203928467e-09,4.1952204602544105e-09,2.7325457868040637e-09,1.7239162751260462e-09,505.15,2102366.287,7.378966424893756e-05,3.5240587972035936e-05,5.12,,
298,9.18246221717135e-05,6.031006005588e-07,3.28442196807379e-05,2.832645412808e-08,1.152408899987e-08,4.570946758827e-08,1.9119081846015e-07,3.2575515310751644e-06,8.714003872085069e-09,2.3948111381252858e-08,2.0286605685447097e-08,1.9165713317836225e-08,1.8056839049301803e-08,1.9066726908408098e-08,1.6604069994552887e-08,1.603277649189195e-08,1.3892208485897949e-08,1.2538005349885002e-08,1.0463606502612267e-08,9.525280110820026e-09,7.979670700399244e-09,6.556716704358829e-09,5.366460241090899e-09,3.893598153702387e-09,2.3142364374131224e-09,1.574730022445184e-09,9.114511191149923e-10,3.305624895196371e-10,0.0,0.0,6.214925545267329e-09,1.2587693503010388e-08,1.0807707768525926e-08,7.349075835129721e-09,4.899095437827657e-09,3.1910128978001667e-09,2.013155312976018e-09,505.15,2109261.044,0.00011237853698553444,3.6158424120069226e-05,5.12,,
299,9.33552891974645e-05,6.3265382720318e-07,3.20270776377771e-05,4.276480343665e-08,1.152408899987e-08,5.060598187463e-08,1.620452934938e-07,3.465793756904356e-06,8.112108712849354e-09,2.229396335414568e-08,1.8885365803226038e-08,1.784189590409151e-08,1.680961398784763e-08,1.774974670079038e-08,1.545719084461959e-08,1.492535782405185e-08,1.2932643495854567e-08,1.1671978109440187e-08,9.740862492565974e-09,8.867348341081787e-09,7.4284975270373034e-09,6.103830051705871e-09,4.9957871855405286e-09,3.624658879044728e-09,2.1543871041499084e-09,1.4659600021966031e-09,8.484952122175099e-10,3.0772982095677945e-10,0.0,0.0,5.7856471497538655e-09,1.1718234193992208e-08,1.0061195937248364e-08,6.841459217676654e-09,4.5607042835491506e-09,2.9706027115713784e-09,1.874102306406721e-09,505.15,2102366.287,0.00011057585473201594,3.5578401001554754e-05,5.12,,
300,9.35212501112532e-05,6.0503356608761e-07,3.15808685787221e-05,2.841724173355e-08,1.152408899987e-08,4.585596856191e-08,1.6151881595171e-07,3.5490433303352362e-06,7.871487412068669e-09,2.1632679999629684e-08,1.8325188240751633e-08,1.7312669737036343e-08,1.6311007358356792e-08,1.7223253862632683e-08,1.4998699779089818e-08,1.4482641985129236e-08,1.254903553266538e-08,1.1325763992397038e-08,9.451929110796275e-09,8.604325128766243e-09,7.208153495531594e-09,5.922778295772262e-09,4.847602187834055e-09,3.5171442776956967e-09,2.0904836918886098e-09,1.422476708874576e-09,8.233271543305923e-10,2.9860194158179773e-10,0.0,0.0,5.614033332396276e-09,1.1370648029356021e-08,9.762760827522168e-09,6.6385279115924755e-09,4.425424711241967e-09,2.8824887187905955e-09,1.818512699471427e-09,505.15,2102366.287,0.00010935861219344967,3.518674639252444e-05,5.12,,
302,2.07297365886055e-06,6.70975127295704e-06,4.0804916333261e-07,3.50976131143199e-06,1.152408899987e-08,4.8275631188048e-07,9.5205589743491e-07,1.982384998999465e-05,1.3980391189008138e-07,1.2511069191903523e-07,1.0718901285612251e-07,9.319422932219858e-08,8.143993413742778e-08,7.135303507631415e-08,6.099410036715121e-08,5.4630417331906926e-08,4.4822880102223535e-08,3.7427837370935064e-08,2.9116159474258507e-08,2.26967948147644e-08,1.6819749694282844e-08,1.2607108781617296e-08,8.29385475445596e-09,5.344009394157929e-09,3.0694149528604604e-09,2.0604661511235136e-09,1.443694638919074e-09,0.0,0.0,0.0,1.901147742371998e-08,1.2336800039732546e-08,8.147474799426816e-09,5.30643714007457e-09,3.3752434279395843e-09,2.696755133084644e-09,1.7951476152388643e-09,544.15,4163898.63,5.4502843552382406e-05,2.7251421776191237e-05,5.12,,
303,2.3597808491321e-06,7.49315863432181e-06,4.3442323059899e-07,3.88825003859271e-06,1.152408899987e-08,5.3886247507557e-07,1.03628580643568e-06,2.0162042560056717e-05,1.3510621369046658e-07,1.2090671604858384e-07,1.0358724216240547e-07,9.00627120607532e-08,7.870338530412376e-08,6.895542674130137e-08,5.8944573486192606e-08,5.279472325386081e-08,4.331673939191696e-08,3.6170185264811194e-08,2.813779679403922e-08,2.1934135954244276e-08,1.625457160456725e-08,1.218348406736527e-08,8.015164222688095e-09,5.164439717099119e-09,2.966276314585016e-09,1.9912302621012487e-09,1.3951835378035635e-09,0.0,0.0,0.0,1.837265278671236e-08,1.1922258253654164e-08,7.873702934396553e-09,5.128129967819643e-09,3.2618283255985293e-09,2.6061386291383584e-09,1.7348269732329327e-09,544.15,4163898.63,5.674593173568217e-05,2.8372965867841127e-05,5.12,,
304,1.98951154529492e-06,6.94544027054301e-06,3.1989079812186e-07,3.62889660009253e-06,1.152408899987e-08,4.9731692347619e-07,9.8377847027422e-07,1.993030745795332e-05,1.3832515363269797e-07,1.2378734934398851e-07,1.0605523458254753e-07,9.220847910757631e-08,8.057851349863217e-08,7.059830734100281e-08,6.034894295810452e-08,5.405257097809836e-08,4.434877173733757e-08,3.703194913848139e-08,2.880818696716798e-08,2.245672232827448e-08,1.664184091182261e-08,1.2473758677457087e-08,8.206127551133258e-09,5.287483808340569e-09,3.0369486030601265e-09,2.038671830107457e-09,1.4284241408365868e-09,0.0,0.0,0.0,1.881038591744305e-08,1.2206309092220394e-08,8.061295911628968e-09,5.250308970039237e-09,3.3395422159901723e-09,2.668230545558614e-09,1.7761596675958562e-09,544.15,4163898.63,5.5015982912520406e-05,2.750799145626024e-05,5.12,,
305,2.02883077405698e-06,7.03070402987274e-06,2.8177391401885e-07,3.66432264156061e-06,1.152408899987e-08,5.0185940546067e-07,9.8667585380724e-07,1.996626260322949e-05,1.3782571504006493e-07,1.233404011359547e-07,1.0567231017790942e-07,9.187554997773339e-08,8.028757567336084e-08,7.034340417744448e-08,6.013104628243611e-08,5.385740806471253e-08,4.4188645487268e-08,3.68982411029256e-08,2.8704171753901733e-08,2.237563979555909e-08,1.6581753665320114e-08,1.242872076269535e-08,8.176498400631911e-09,5.268392750767484e-09,3.025983357069952e-09,2.0313109751730528e-09,1.423266654118901e-09,0.0,0.0,0.0,1.8742468894235265e-08,1.2162236834397711e-08,8.032189692122477e-09,5.231352136419171e-09,3.3274844215790303e-09,2.658596597766061e-09,1.7697466424780157e-09,544.15,4163898.63,5.515336360073905e-05,2.757668180036956e-05,5.12,,
